UI_ID,AgeCat,Breeder,Disperser,Coat
UI0003,A,TRUE,FALSE,Gray
UI0004,Y,FALSE,FALSE,Black
UI0009,A,FALSE,FALSE,Gray
UI0011,A,TRUE,FALSE,Gray
UI0013,A,FALSE,FALSE,Gray
UI0018,A,FALSE,TRUE,Black
UI0022,A,FALSE,TRUE,Gray
UI0024,A,TRUE,FALSE,Gray
UI0025,A,FALSE,FALSE,Unknown
UI0031,A,TRUE,FALSE,Unknown
UI0033,A,FALSE,FALSE,Unknown
UI0036,A,FALSE,TRUE,Gray
UI0039,A,TRUE,FALSE,Unknown
UI0041,Y,FALSE,FALSE,Gray
UI0058,A,FALSE,TRUE,Gray
UI0062,A,TRUE,FALSE,Black
UI0063,A,TRUE,TRUE,Gray
UI0066,A,FALSE,FALSE,Gray
UI0070,A,FALSE,FALSE,Black
UI0074,Y/A,FALSE,FALSE,Gray
UI0075,A,TRUE,FALSE,Gray
UI0076,A,FALSE,TRUE,Gray
UI0077,A,FALSE,FALSE,Black
UI0078,A,TRUE,FALSE,Unknown
UI0079,A,TRUE,FALSE,Gray
UI0080,A,TRUE,TRUE,Black
UI0081,A,TRUE,FALSE,Unknown
UI0083,A,FALSE,TRUE,Gray
UI0086,Y,FALSE,TRUE,Gray
UI0087,A,TRUE,FALSE,Unknown
UI0088,A,TRUE,FALSE,Unknown
UI0093,A,FALSE,TRUE,Black
UI0094,A,FALSE,TRUE,Gray
UI0103,Y,FALSE,FALSE,Unknown
UI0105,A,TRUE,FALSE,Gray
UI0106,Y/A,FALSE,FALSE,Unknown
UI0107,A,FALSE,TRUE,Unknown
UI0113,A,TRUE,FALSE,Gray
UI0115,A,FALSE,FALSE,Unknown
UI0117,A,FALSE,FALSE,Gray
UI0118,A,TRUE,FALSE,Gray
UI0119,A,FALSE,FALSE,Unknown
UI0120,A,FALSE,FALSE,Unknown
UI0121,A,FALSE,FALSE,Unknown
UI0130,Y,FALSE,FALSE,Unknown
UI0131,A,FALSE,FALSE,Unknown
UI0136,A,FALSE,FALSE,Unknown
UI0141,A,FALSE,TRUE,Black
UI0146,A,FALSE,FALSE,Gray
UI0155,A,FALSE,TRUE,Gray
UI0157,A,TRUE,TRUE,Gray
UI0164,A,TRUE,TRUE,Black
UI0166,A,TRUE,FALSE,Gray
UI0169,A,FALSE,FALSE,Unknown
UI0175,A,FALSE,FALSE,Gray
UI0177,Y,FALSE,FALSE,Black
UI0179,A,FALSE,FALSE,White
UI0182,A,TRUE,FALSE,Black
UI0184,A,FALSE,FALSE,Gray
UI0185,A,FALSE,TRUE,Gray
UI0187,Y,FALSE,FALSE,Gray
UI0189,A,FALSE,FALSE,Gray
UI0191,A,FALSE,FALSE,Unknown
UI0197,A,FALSE,FALSE,Gray
UI0198,A,TRUE,FALSE,Gray
UI0200,Y,FALSE,FALSE,Gray
UI0201,A,TRUE,TRUE,Gray
UI0202,Y,FALSE,FALSE,Unknown
UI0203,A,TRUE,TRUE,Gray
UI0204,A,FALSE,TRUE,Unknown
UI0205,A,FALSE,FALSE,Gray
UI0216,A,FALSE,FALSE,Gray
UI0219,A,FALSE,FALSE,Gray
UI0221,A,FALSE,FALSE,Gray
UI0222,Y/A,FALSE,FALSE,Unknown
UI0223,A,FALSE,FALSE,Gray
UI0224,A,FALSE,FALSE,Unknown
UI0226,A,FALSE,FALSE,Unknown
UI0231,A,TRUE,FALSE,Gray
UI0232,A,FALSE,FALSE,Gray
UI0233,A,FALSE,FALSE,White
UI0243,A,FALSE,TRUE,Gray
UI0249,A,FALSE,FALSE,Gray
UI0250,A,FALSE,FALSE,Unknown
UI0253,A,FALSE,FALSE,Gray
UI0256,A,FALSE,FALSE,Unknown
UI0262,Y/A,FALSE,FALSE,Unknown
UI0267,A,FALSE,FALSE,Unknown
UI0269,A,FALSE,TRUE,Gray
UI0272,A,FALSE,TRUE,Gray
UI0276,A,FALSE,TRUE,Gray
UI0277,A,FALSE,TRUE,Unknown
UI0278,A,TRUE,TRUE,Unknown
UI0281,A,FALSE,TRUE,Gray
UI0286,Y,FALSE,TRUE,Gray
UI0288,A,FALSE,TRUE,Gray
UI0290,A,FALSE,TRUE,Gray
UI0291,A,TRUE,TRUE,Unknown
UI0295,Y,FALSE,TRUE,Gray
UI0297,A,TRUE,FALSE,Gray
UI0299,A,TRUE,TRUE,Black
UI0300,A,TRUE,FALSE,Unknown
UI0301,A,TRUE,TRUE,Unknown
UI0303,A,FALSE,TRUE,Gray
UI0304,A,FALSE,TRUE,Gray
UI0305,A,TRUE,FALSE,Gray
UI0306,Y,FALSE,FALSE,Gray
UI0308,A,FALSE,FALSE,Gray
UI0309,A,TRUE,FALSE,Gray
UI0310,A,TRUE,FALSE,Unknown
UI0315,Y,FALSE,FALSE,Gray
UI0324,Y,FALSE,FALSE,Gray
UI0329,A,TRUE,TRUE,Unknown
UI0332,Y,FALSE,FALSE,Gray
UI0333,A,FALSE,TRUE,Gray
UI0335,A,FALSE,TRUE,Gray
UI0337,Y,FALSE,TRUE,Gray
UI0338,Y,FALSE,FALSE,Gray
UI0339,Y,FALSE,FALSE,Unknown
UI0344,Y,FALSE,FALSE,Gray
UI0346,A,TRUE,TRUE,Unknown
UI0350,Y,FALSE,TRUE,Gray
UI0351,A,FALSE,TRUE,Unknown
UI0366,A,TRUE,TRUE,Gray
UI0367,Y,FALSE,FALSE,Unknown
UI0368,Y/A,FALSE,FALSE,Unknown
UI0371,A,FALSE,TRUE,Gray
UI0376,Y,FALSE,FALSE,Unknown
UI0379,A,FALSE,FALSE,Unknown
UI0385,Y,FALSE,FALSE,Unknown
UI0388,Y,FALSE,FALSE,Unknown
UI0392,Y,FALSE,TRUE,Gray
UI0396,Y,FALSE,FALSE,Gray
UI0397,Y,FALSE,FALSE,Gray
UI0398,A,TRUE,TRUE,Gray
UI0402,Y,FALSE,TRUE,Black
UI0404,Y,FALSE,FALSE,Unknown
UI0407,Y,FALSE,FALSE,Unknown
UI0413,Y,FALSE,TRUE,Gray
UI0420,Y,FALSE,FALSE,Gray
UI0426,Y,FALSE,FALSE,Unknown
UI0436,A,FALSE,FALSE,Unknown
UI0444,Y,FALSE,FALSE,Unknown
UI0445,A,FALSE,TRUE,Unknown
UI0449,A,FALSE,FALSE,Unknown
UI0451,A,FALSE,TRUE,Gray
UI0456,A,FALSE,TRUE,Gray
UI0459,A,FALSE,FALSE,Unknown
UI0460,A,FALSE,FALSE,Unknown
UI0463,Y,FALSE,FALSE,Unknown
UI0464,A,FALSE,TRUE,Gray
UI0578,A,FALSE,TRUE,Unknown
UI0579,Y,FALSE,TRUE,Gray
UI0581,A,FALSE,FALSE,Black
UI0582,Y,FALSE,FALSE,Black
UI0583,A,FALSE,FALSE,Gray
UI0585,Y,FALSE,FALSE,Unknown
UI0652,A,FALSE,TRUE,Gray
UI0653,A,FALSE,TRUE,Gray
UI0654,A,FALSE,TRUE,Gray
UI0655,A,FALSE,FALSE,Black
UI0656,A,FALSE,TRUE,Gray
UI0657,A,FALSE,FALSE,Gray
UI0658,A,FALSE,FALSE,Black
UI0659,A,FALSE,TRUE,Black
UI0660,A,FALSE,FALSE,Gray
UI0661,A,FALSE,FALSE,Black
UI0662,A,FALSE,TRUE,Gray
UI0663,A,FALSE,FALSE,Gray
UI0664,A,FALSE,FALSE,Black
UI0665,Y/A,FALSE,FALSE,Gray
UI0666,Y/A,FALSE,FALSE,Gray
UI0667,A,FALSE,TRUE,Gray
UI0668,A,FALSE,FALSE,Gray
UI0669,A,FALSE,FALSE,Gray
UI0670,Y/A,FALSE,FALSE,Gray
UI0671,A,FALSE,FALSE,Gray
UI0672,Y,FALSE,FALSE,Gray
UI0674,Y,FALSE,FALSE,Gray
UI0675,Y,FALSE,FALSE,Gray
UI0676,Y/A,FALSE,FALSE,Gray
UI0677,A,FALSE,TRUE,Gray
UI0678,Y,FALSE,FALSE,Gray
UI0680,Y,FALSE,TRUE,Black
UI0681,A,FALSE,TRUE,Gray
UI0683,A,FALSE,TRUE,Gray
UI0684,A,FALSE,FALSE,Gray
UI0685,A,FALSE,FALSE,Gray
UI0686,A,FALSE,FALSE,Gray
UI0689,A,FALSE,FALSE,Gray
UI0690,A,FALSE,FALSE,Gray
UI0691,A,FALSE,TRUE,Gray
UI0692,A,FALSE,FALSE,Gray
UI0693,A,FALSE,FALSE,Gray
UI0694,A,FALSE,FALSE,Black
UI0695,Y,FALSE,FALSE,Gray
UI0696,A,FALSE,TRUE,Black
UI0697,A,FALSE,FALSE,Gray
UI0698,A,FALSE,TRUE,Gray
UI0699,A,FALSE,TRUE,Gray
UI0700,A,TRUE,TRUE,Gray
UI0701,Y,FALSE,FALSE,Gray
UI0702,A,FALSE,TRUE,Gray
UI0703,A,FALSE,FALSE,Gray
UI0704,A,FALSE,FALSE,Gray
UI0705,A,FALSE,FALSE,Gray
UI0706,A,FALSE,TRUE,Gray
UI0707,A,FALSE,TRUE,Gray
UI0708,Y/A,FALSE,FALSE,Gray
UI0710,Y,FALSE,FALSE,Gray
UI0711,Y,FALSE,FALSE,Gray
UI0712,Y,FALSE,FALSE,Gray
UI0713,Y,FALSE,FALSE,Gray
UI0714,Y,FALSE,FALSE,Gray
UI0721,Y/A,FALSE,FALSE,Unknown
UI0725,A,FALSE,FALSE,Unknown
UI0728,Y,FALSE,FALSE,Unknown
UI0730,A,FALSE,FALSE,Unknown
UI0732,Y/A,FALSE,FALSE,Unknown
UI0734,A,FALSE,FALSE,Unknown
UI0742,A,FALSE,FALSE,Unknown
UI0743,A,FALSE,FALSE,Unknown
UI0745,A,FALSE,FALSE,Unknown
UI0749,A,FALSE,FALSE,Unknown
UI0750,Y,FALSE,FALSE,Unknown
UI0752,Y/A,FALSE,FALSE,Unknown
UI0753,A,FALSE,FALSE,Unknown
UI0757,Y,FALSE,FALSE,Unknown
UI0758,Y/A,FALSE,FALSE,Unknown
UI0759,A,FALSE,FALSE,Unknown
UI0760,A,FALSE,FALSE,Unknown
UI0763,A,FALSE,FALSE,Unknown
UI0764,A,FALSE,FALSE,Unknown
UI0765,A,FALSE,FALSE,Unknown
UI0767,Y,FALSE,FALSE,Unknown
UI0768,Y,FALSE,FALSE,Unknown
UI0771,A,FALSE,FALSE,Unknown
UI0772,Y,FALSE,FALSE,Unknown
UI0774,Y,FALSE,FALSE,Unknown
UI0775,A,FALSE,FALSE,Unknown
UI0776,A,FALSE,FALSE,Unknown
UI0780,Y/A,FALSE,FALSE,Unknown
UI0784,A,FALSE,FALSE,Unknown
UI0786,A,FALSE,FALSE,Unknown
UI0789,Y/A,FALSE,FALSE,Unknown
UI0791,Y,FALSE,FALSE,Unknown
UI0792,A,FALSE,FALSE,Unknown
UI0793,A,FALSE,FALSE,Unknown
UI0795,Y/A,FALSE,FALSE,Unknown
UI0796,A,FALSE,FALSE,Unknown
UI0797,A,FALSE,FALSE,Unknown
UI0798,Y,FALSE,FALSE,Unknown
UI0802,Y,FALSE,FALSE,Unknown
UI0803,A,FALSE,FALSE,Unknown
UI0804,Y/A,FALSE,FALSE,Unknown
UI0807,Y,FALSE,FALSE,Unknown
UI0808,Y,FALSE,FALSE,Unknown
UI0809,Y,FALSE,FALSE,Unknown
UI0810,A,FALSE,FALSE,Unknown
UI0811,A,FALSE,FALSE,Unknown
UI0813,Y/A,FALSE,FALSE,Unknown
UI0815,A,FALSE,FALSE,Unknown
UI0816,A,FALSE,FALSE,Unknown
UI0817,Y,FALSE,FALSE,Unknown
UI0818,A,FALSE,FALSE,Unknown
UI0819,A,FALSE,FALSE,Unknown
UI0822,A,FALSE,FALSE,Unknown
UI0823,A,FALSE,FALSE,Unknown
UI0826,A,FALSE,FALSE,Unknown
UI0827,Y,FALSE,FALSE,Unknown
UI0830,Y,FALSE,FALSE,Unknown
UI0831,A,FALSE,FALSE,Unknown
UI0835,A,FALSE,FALSE,Unknown
UI0836,Y,FALSE,FALSE,Unknown
UI0840,A,FALSE,FALSE,Unknown
UI0842,A,FALSE,FALSE,Unknown
UI0844,Y,FALSE,FALSE,Unknown
UI0848,A,FALSE,FALSE,Unknown
UI0852,Y,FALSE,FALSE,Unknown
UI0853,Y,FALSE,FALSE,Unknown
UI0854,A,FALSE,FALSE,Unknown
UI0855,A,FALSE,FALSE,Unknown
UI0858,A,FALSE,FALSE,Unknown
UI0859,A,FALSE,FALSE,Unknown
UI0860,Y,FALSE,FALSE,Unknown
UI0866,A,FALSE,FALSE,Unknown
UI0867,Y,FALSE,FALSE,Unknown
UI0870,Y/A,FALSE,FALSE,Unknown
UI0874,A,FALSE,FALSE,Unknown
UI0875,A,FALSE,FALSE,Unknown
UI0877,Y/A,FALSE,FALSE,Unknown
UI0878,Y,FALSE,FALSE,Unknown
UI0881,A,FALSE,FALSE,Unknown
UI0883,A,FALSE,FALSE,Unknown
UI0884,A,FALSE,FALSE,Unknown
UI0886,A,FALSE,FALSE,Unknown
UI0891,Y,FALSE,FALSE,Unknown
UI0892,A,FALSE,FALSE,Unknown
UI0894,Y,FALSE,FALSE,Unknown
UI0896,Y,FALSE,FALSE,Unknown
UI0898,A,FALSE,FALSE,Unknown
UI0899,Y,FALSE,FALSE,Unknown
UI0900,A,FALSE,FALSE,Unknown
UI0905,A,FALSE,FALSE,Unknown
UI0908,Y,FALSE,FALSE,Unknown
UI0909,Y/A,FALSE,FALSE,Unknown
UI0912,A,FALSE,FALSE,Unknown
UI0913,A,FALSE,FALSE,Unknown
UI0914,A,FALSE,FALSE,Unknown
UI0915,A,FALSE,FALSE,Unknown
UI0916,A,FALSE,FALSE,Unknown
UI0918,A,FALSE,FALSE,Unknown
UI0920,A,FALSE,FALSE,Unknown
UI0922,Y/A,FALSE,FALSE,Unknown
UI0927,Y,FALSE,FALSE,Unknown
UI0928,Y,FALSE,FALSE,Unknown
UI0929,Y,FALSE,FALSE,Unknown
UI0930,A,FALSE,FALSE,Unknown
UI0932,A,FALSE,FALSE,Unknown
UI0934,A,FALSE,FALSE,Unknown
UI0937,A,FALSE,FALSE,Unknown
UI0941,A,FALSE,FALSE,Unknown
UI0942,Y/A,FALSE,FALSE,Unknown
UI0949,A,FALSE,FALSE,Unknown
UI0957,A,TRUE,FALSE,Gray
UI0958,A,FALSE,FALSE,Unknown
UI0959,A,FALSE,FALSE,Unknown
UI0963,Y,FALSE,FALSE,Gray
UI0968,A,TRUE,FALSE,Gray
UI0969,A,FALSE,FALSE,Gray
UI0973,Y,FALSE,FALSE,Gray
UI0974,A,FALSE,TRUE,Gray
UI0977,A,FALSE,TRUE,Unknown
UI0984,A,FALSE,FALSE,Unknown
UI0987,A,FALSE,TRUE,Unknown
UI0988,Y,FALSE,FALSE,Gray
UI0989,A,FALSE,FALSE,Unknown
UI0994,A,FALSE,TRUE,Unknown
UI0995,A,FALSE,TRUE,Unknown
UI0997,A,FALSE,FALSE,Unknown
UI0999,Y,FALSE,FALSE,Unknown
UI1005,A,FALSE,FALSE,Unknown
UI1008,Y,FALSE,FALSE,Unknown
UI1011,A,TRUE,FALSE,Unknown
UI1012,Y,FALSE,TRUE,Gray
UI1013,Y,FALSE,FALSE,Gray
UI1099,Y,FALSE,FALSE,Unknown
UI1102,A,FALSE,FALSE,Unknown
UI1109,A,FALSE,TRUE,Gray
UI1110,Y/A,FALSE,TRUE,Unknown
UI1113,A,FALSE,TRUE,Gray
UI1115,A,FALSE,FALSE,Unknown
UI1116,Y/A,FALSE,FALSE,Unknown
UI1119,A,FALSE,TRUE,Unknown
UI1126,A,FALSE,FALSE,Unknown
UI1128,A,FALSE,FALSE,Unknown
UI1133,A,TRUE,FALSE,Black
UI1152,A,TRUE,FALSE,Gray
UI1164,A,FALSE,FALSE,Gray
UI1166,A,FALSE,FALSE,Unknown
UI1169,Y,FALSE,FALSE,Unknown
UI1173,A,FALSE,FALSE,Unknown
UI1186,A,FALSE,TRUE,Gray
UI1187,Y,FALSE,FALSE,Gray
UI1195,A,TRUE,FALSE,Unknown
UI1196,A,FALSE,TRUE,Gray
UI1197,A,FALSE,FALSE,Gray
UI1203,A,FALSE,FALSE,Unknown
UI1214,A,FALSE,FALSE,Unknown
UI1217,A,FALSE,FALSE,Unknown
UI1219,Y,FALSE,FALSE,Unknown
UI1220,A,FALSE,FALSE,Unknown
UI1222,A,FALSE,FALSE,Unknown
UI1224,Y,FALSE,FALSE,Unknown
UI1226,A,FALSE,TRUE,Gray
UI1228,Y,FALSE,FALSE,Unknown
UI1229,A,FALSE,FALSE,Unknown
UI1234,A,FALSE,FALSE,Unknown
UI1241,A,FALSE,FALSE,Unknown
UI1244,A,FALSE,TRUE,Gray
UI1251,A,TRUE,FALSE,Gray
UI1255,Y,FALSE,FALSE,Gray
UI1256,Y,FALSE,FALSE,Unknown
UI1259,Y,FALSE,FALSE,Gray
UI1260,A,FALSE,FALSE,Unknown
UI1266,Y,FALSE,FALSE,Unknown
UI1267,A,FALSE,FALSE,Gray
UI1268,A,TRUE,FALSE,Unknown
UI1274,A,FALSE,FALSE,Unknown
UI1283,Y,FALSE,FALSE,Unknown
UI1300,A,TRUE,FALSE,Gray
UI1302,Y,FALSE,FALSE,Gray
UI1305,A,FALSE,TRUE,Unknown
UI1306,Y,FALSE,FALSE,Unknown
UI1311,A,FALSE,FALSE,Unknown
UI1316,A,TRUE,FALSE,Gray
UI1323,A,FALSE,TRUE,Gray
UI1326,Y/A,FALSE,FALSE,Gray
UI1328,Y,FALSE,FALSE,Unknown
UI1329,Y,FALSE,FALSE,Unknown
UI1339,Y,FALSE,FALSE,Unknown
UI1350,Y,FALSE,TRUE,Unknown
UI1357,Y,FALSE,FALSE,Unknown
UI1362,Y,FALSE,TRUE,Gray
UI1365,A,TRUE,FALSE,White
UI1368,A,FALSE,FALSE,Gray
UI1382,A,TRUE,FALSE,Gray
UI1383,Y,FALSE,TRUE,Unknown
UI1396,A,FALSE,FALSE,Unknown
UI1398,Y,FALSE,FALSE,Gray
UI1400,Y,FALSE,TRUE,Gray
UI1402,A,FALSE,FALSE,Gray
UI1403,A,FALSE,FALSE,Gray
UI1404,A,FALSE,TRUE,Gray
UI1405,A,TRUE,FALSE,Unknown
UI1408,Y,FALSE,FALSE,Unknown
UI1409,A,FALSE,FALSE,Unknown
UI1410,A,FALSE,FALSE,Unknown
UI1411,A,FALSE,FALSE,Unknown
UI1414,A,TRUE,FALSE,Gray
UI1416,A,FALSE,FALSE,Unknown
UI1419,Y,FALSE,FALSE,Unknown
UI1421,A,FALSE,FALSE,Unknown
UI1426,Y,FALSE,FALSE,Unknown
UI1427,A,TRUE,FALSE,Unknown
UI1429,A,FALSE,FALSE,Gray
UI1437,A,FALSE,FALSE,Unknown
UI1440,A,FALSE,FALSE,Unknown
UI1442,A,FALSE,FALSE,Gray
UI1444,A,FALSE,FALSE,Unknown
UI1449,Y,FALSE,FALSE,Unknown
UI1458,Y,FALSE,FALSE,Gray
UI1459,A,FALSE,FALSE,Gray
UI1464,A,FALSE,FALSE,Gray
UI1465,A,FALSE,FALSE,Unknown
UI1467,A,FALSE,FALSE,Gray
UI1469,A,TRUE,TRUE,Gray
UI1470,A,FALSE,FALSE,Gray
UI1471,A,FALSE,FALSE,Unknown
UI1472,Y,FALSE,FALSE,Unknown
UI1473,A,TRUE,FALSE,Unknown
UI1474,A,FALSE,FALSE,Black
UI1477,A,FALSE,FALSE,Gray
UI1479,Y,FALSE,FALSE,Gray
UI1481,A,FALSE,FALSE,Gray
UI1484,A,FALSE,FALSE,Gray
UI1485,A,FALSE,FALSE,Unknown
UI1486,A,FALSE,FALSE,Unknown
UI1487,Y/A,FALSE,FALSE,Unknown
UI1490,Y,FALSE,FALSE,Gray
UI1493,Y,FALSE,FALSE,Gray
UI1494,A,FALSE,FALSE,Gray
UI1496,Y/A,FALSE,FALSE,Gray
UI1497,A,TRUE,FALSE,Gray
UI1505,A,TRUE,FALSE,Gray
UI1516,Y,FALSE,FALSE,Gray
UI1517,Y/A,FALSE,FALSE,Gray
UI1518,Y/A,FALSE,FALSE,Gray
UI1519,Y,FALSE,FALSE,Gray
UI1520,A,FALSE,FALSE,Unknown
UI1521,A,FALSE,FALSE,Gray
UI1526,Y,FALSE,FALSE,Gray
UI1535,A,FALSE,FALSE,Unknown
UI1538,A,TRUE,FALSE,Gray
UI1539,A,FALSE,FALSE,Unknown
UI1541,Y/A,FALSE,FALSE,Black
UI1543,Y,FALSE,FALSE,Black
UI1544,Y,FALSE,FALSE,Gray
UI1546,Y,FALSE,FALSE,Gray
UI1549,Y,FALSE,FALSE,Gray
UI1551,Y/A,FALSE,FALSE,Gray
UI1552,A,FALSE,FALSE,Gray
UI1554,Y/A,FALSE,FALSE,Black
UI1555,A,FALSE,FALSE,Gray
UI1556,A,FALSE,FALSE,Gray
UI1558,Y,FALSE,FALSE,Gray
UI1560,Y,FALSE,FALSE,Gray
UI1562,A,FALSE,FALSE,Unknown
UI1566,Y,FALSE,FALSE,Gray
UI1567,A,TRUE,FALSE,Black
UI1568,A,FALSE,FALSE,Gray
UI1570,Y,FALSE,FALSE,Gray
UI1571,A,FALSE,FALSE,Black
UI1572,A,FALSE,FALSE,Gray
UI1573,A,TRUE,FALSE,Gray
UI1575,Y/A,FALSE,FALSE,Gray
UI1576,Y,FALSE,FALSE,Gray
UI1578,Y/A,FALSE,FALSE,Gray
UI1580,Y,FALSE,FALSE,Unknown
UI1581,Y,FALSE,FALSE,Brown
UI1584,Y,FALSE,FALSE,Gray
UI1585,Y,FALSE,FALSE,Gray
UI1586,A,FALSE,FALSE,Gray
UI1588,A,FALSE,FALSE,Gray
UI1600,A,FALSE,FALSE,Unknown
UI1601,Y,FALSE,FALSE,Unknown
UI1602,A,FALSE,FALSE,Unknown
UI1607,Y/A,FALSE,FALSE,Unknown
UI1608,A,FALSE,FALSE,Unknown
UI1609,Y,FALSE,FALSE,Unknown
UI1610,A,FALSE,FALSE,Unknown
UI1613,Y,FALSE,FALSE,Unknown
UI1614,A,FALSE,FALSE,Unknown
UI1621,A,FALSE,FALSE,Unknown
UI1622,Y,FALSE,FALSE,Unknown
UI1623,A,FALSE,FALSE,Unknown
UI1624,Y,FALSE,FALSE,Unknown
UI1629,Y,FALSE,FALSE,Gray
UI1631,Y,FALSE,FALSE,Black
UI1632,A,FALSE,FALSE,Gray
UI1640,A,FALSE,FALSE,Gray
UI1641,Y/A,FALSE,FALSE,Unknown
UI1645,Y,FALSE,FALSE,Gray
UI1647,Y,FALSE,FALSE,Unknown
UI1649,Y/A,FALSE,FALSE,Black
UI1650,Y,FALSE,FALSE,Gray
UI1655,A,FALSE,FALSE,White
UI1658,Y/A,FALSE,FALSE,Black
UI1661,A,FALSE,FALSE,Gray
UI1662,A,FALSE,FALSE,Black
UI1664,Y,FALSE,FALSE,Gray
UI1669,A,FALSE,FALSE,Gray
UI1671,A,FALSE,FALSE,Gray
UI1672,A,FALSE,FALSE,Gray
UI1673,Y,FALSE,FALSE,Gray
UI1675,A,FALSE,FALSE,Tan
UI1678,Y/A,FALSE,FALSE,Black
UI1679,Y,FALSE,FALSE,Unknown
UI1680,Y,FALSE,FALSE,Black
UI1681,A,FALSE,FALSE,Unknown
UI1687,Y,FALSE,FALSE,Unknown
UI1699,A,FALSE,FALSE,Gray
UI1700,A,TRUE,FALSE,Unknown
UI1702,Y,FALSE,FALSE,Unknown
UI1705,A,FALSE,FALSE,Unknown
UI1708,Y/A,FALSE,FALSE,Black
UI1710,A,TRUE,FALSE,Unknown
UI1711,A,FALSE,FALSE,Black
UI1712,Y,FALSE,FALSE,Unknown
UI1713,Y,FALSE,FALSE,Gray
UI1715,A,FALSE,FALSE,Black
UI1718,A,FALSE,FALSE,Gray
UI1720,Y,FALSE,FALSE,Unknown
UI1721,A,FALSE,FALSE,Gray
UI1725,A,FALSE,FALSE,Gray
UI1729,A,FALSE,FALSE,Gray
UI1731,A,TRUE,FALSE,Unknown
UI1734,A,FALSE,FALSE,Black
UI1737,A,FALSE,FALSE,Unknown
UI1740,A,TRUE,FALSE,Unknown
UI1742,A,FALSE,FALSE,Unknown
UI1743,Y,FALSE,FALSE,Gray
UI1747,A,FALSE,FALSE,White
UI1748,A,FALSE,FALSE,Black
UI1749,A,FALSE,FALSE,Black
UI1753,A,FALSE,FALSE,Gray
UI1755,A,FALSE,TRUE,Gray
UI1762,A,FALSE,FALSE,Gray
UI1763,Y/A,FALSE,FALSE,Gray
UI1765,A,FALSE,FALSE,Gray
UI1766,A,FALSE,FALSE,Gray
UI1767,Y,FALSE,FALSE,Gray
UI1769,Y/A,FALSE,FALSE,Brown
UI1772,A,FALSE,FALSE,Black
UI1780,A,FALSE,FALSE,Unknown
UI1782,A,FALSE,FALSE,Unknown
UI1784,Y/A,FALSE,FALSE,Unknown
UI1785,Y,FALSE,FALSE,Unknown
UI1787,Y,FALSE,FALSE,Unknown
UI1788,Y ,FALSE,FALSE,Unknown
UI1789,A,FALSE,FALSE,Unknown
UI1790,Y,FALSE,FALSE,Unknown
UI1792,Y,FALSE,FALSE,Unknown
UI1794,A,FALSE,FALSE,Unknown
UI1796,Y/A,FALSE,FALSE,Unknown
UI1797,A,FALSE,FALSE,Black
UI1799,A,FALSE,FALSE,Unknown
UI1800,A,FALSE,FALSE,Unknown
UI1802,A,FALSE,FALSE,Unknown
UI1803,A,FALSE,FALSE,Unknown
UI1804,A,FALSE,FALSE,Unknown
UI1806,A,FALSE,FALSE,Unknown
UI1807,A,FALSE,FALSE,Unknown
UI1813,A,FALSE,FALSE,Gray
UI1815,A,FALSE,FALSE,Unknown
UI1817,A,FALSE,FALSE,Unknown
UI1818,Y,FALSE,FALSE,Unknown
UI1819,A,FALSE,FALSE,Unknown
UI1820,Y/A,FALSE,FALSE,Unknown
UI1824,A,FALSE,FALSE,Unknown
UI1825,Y,FALSE,FALSE,Unknown
UI1826,Y,FALSE,FALSE,Unknown
UI1827,A,FALSE,FALSE,Unknown
UI1830,Y/A,FALSE,FALSE,Unknown
UI1833,A,FALSE,FALSE,Unknown
UI1835,Y/A,FALSE,FALSE,Unknown
UI1836,Y/A,FALSE,FALSE,Unknown
UI1838,A,FALSE,FALSE,Unknown
UI1839,A,FALSE,FALSE,Unknown
UI1841,A,FALSE,FALSE,Unknown
UI1843,A,FALSE,FALSE,Unknown
UI1844,A,FALSE,FALSE,Unknown
UI1845,A,FALSE,FALSE,Unknown
UI1847,Y,FALSE,FALSE,Unknown
UI1848,A,FALSE,FALSE,Unknown
UI1849,A,FALSE,FALSE,Unknown
UI1850,Y/A,FALSE,FALSE,Unknown
UI1854,Y/A,FALSE,FALSE,Gray
UI1856,A,FALSE,FALSE,Black
UI1857,Y,FALSE,FALSE,Gray
UI1859,A,FALSE,FALSE,Black
UI1860,A,FALSE,FALSE,Black
UI1861,A,FALSE,FALSE,Gray
UI1862,Y/A,FALSE,FALSE,Gray
UI1864,A,FALSE,TRUE,Gray
UI1865,A,FALSE,FALSE,Gray
UI1867,A,FALSE,FALSE,Black
UI1868,Y,FALSE,FALSE,Gray
UI1869,A,FALSE,FALSE,Gray
UI1870,A,FALSE,FALSE,Black
UI1873,A,FALSE,FALSE,Gray
UI1874,A,FALSE,FALSE,Black
UI1875,A,FALSE,FALSE,Gray
UI1876,Y/A,FALSE,FALSE,Gray
UI1878,A,FALSE,FALSE,Gray
UI1880,A,FALSE,FALSE,Gray
UI1882,A,FALSE,FALSE,Unknown
UI1883,Y,FALSE,FALSE,Black
UI1887,A,FALSE,FALSE,Gray
UI1889,Y/A,FALSE,FALSE,Gray
UI1890,Y/A,FALSE,FALSE,Gray
UI1892,A,FALSE,FALSE,Black
UI1893,A,FALSE,FALSE,Gray
UI1894,A,FALSE,FALSE,Gray
UI1895,Y/A,FALSE,FALSE,Gray
UI1898,A,FALSE,FALSE,Gray
UI1900,Y/A,FALSE,FALSE,Gray
UI1901,A,FALSE,FALSE,Gray
UI1903,A,FALSE,FALSE,Brown
UI1905,A,FALSE,FALSE,Gray
UI1906,Y,FALSE,FALSE,Gray
UI1908,Y/A,FALSE,FALSE,Gray
UI1911,Y/A,FALSE,FALSE,Unknown
UI1912,A,FALSE,FALSE,Black
UI1914,A,FALSE,FALSE,Gray
UI1915,A,FALSE,FALSE,Gray
UI1916,A,FALSE,FALSE,Gray
UI1917,A,FALSE,FALSE,White
UI1918,A,FALSE,FALSE,Black
UI1919,Y,FALSE,FALSE,Gray
UI1921,Y,FALSE,FALSE,Gray
UI1923,A,FALSE,FALSE,Gray
UI1924,A,FALSE,FALSE,Gray
UI1925,A,FALSE,FALSE,Black
UI1929,A,FALSE,FALSE,Gray
UI1930,A,FALSE,FALSE,Gray
UI1931,A,FALSE,FALSE,Gray
UI1932,A,FALSE,FALSE,Black
UI1933,Y/A,FALSE,FALSE,Gray
UI1936,Y/A,FALSE,FALSE,Gray
UI1937,A,FALSE,FALSE,Gray
UI1938,Y,FALSE,FALSE,Black
UI1939,Y,FALSE,FALSE,Gray
UI1940,A,FALSE,FALSE,Black/Tan
UI1941,A,FALSE,FALSE,Black
UI1943,A,FALSE,FALSE,White
UI1944,Y/A,FALSE,FALSE,Gray
UI1946,A,FALSE,FALSE,Gray
UI1949,A,FALSE,FALSE,Black
UI1950,A,FALSE,FALSE,Gray
UI1951,Y/A,FALSE,TRUE,Gray
UI1952,A,FALSE,TRUE,Gray
UI1953,A,FALSE,FALSE,Gray
UI1954,A,FALSE,FALSE,Gray
UI1955,A,FALSE,FALSE,Gray
UI1956,A,FALSE,FALSE,Gray
UI1957,A,FALSE,FALSE,Unknown
UI1960,Y/A,FALSE,FALSE,Unknown
UI1965,A,FALSE,FALSE,Unknown
UI1967,A,FALSE,FALSE,Unknown
UI1968,Y,FALSE,FALSE,Unknown
UI1969,A,FALSE,TRUE,Gray
UI1970,Y/A,FALSE,FALSE,Unknown
UI1973,A,FALSE,FALSE,Unknown
UI1974,A,FALSE,FALSE,Unknown
UI1975,A,FALSE,FALSE,Unknown
UI1976,A,FALSE,FALSE,Unknown
UI1981,A,FALSE,FALSE,Unknown
UI1982,Y/A,FALSE,FALSE,Unknown
UI1983,A,FALSE,FALSE,Unknown
UI1984,A,FALSE,FALSE,Unknown
UI1986,A,FALSE,FALSE,Gray
UI1987,A,FALSE,FALSE,Unknown
UI1989,Y,FALSE,FALSE,Unknown
UI1990,A,FALSE,FALSE,Unknown
UI1991,Y/A,FALSE,FALSE,Unknown
UI1992,A,FALSE,FALSE,Unknown
UI1996,A,FALSE,FALSE,Unknown
UI1997,A,FALSE,FALSE,Unknown
UI1998,Y/A,FALSE,FALSE,Unknown
UI1999,A,FALSE,FALSE,Unknown
UI2000,A,FALSE,TRUE,Black
UI2001,Y,FALSE,FALSE,Unknown
UI2006,Y,FALSE,FALSE,Unknown
UI2009,Y,FALSE,FALSE,Unknown
UI2010,A,FALSE,FALSE,Unknown
UI2011,Y/A,FALSE,FALSE,Unknown
UI2014,A,FALSE,FALSE,Unknown
UI2015,A,FALSE,FALSE,Black
UI2016,A,FALSE,FALSE,Unknown
UI2017,Y,FALSE,FALSE,Unknown
UI2018,Y/A,FALSE,FALSE,Unknown
UI2020,A,FALSE,FALSE,Unknown
UI2021,A,FALSE,FALSE,Unknown
UI2022,A,FALSE,FALSE,Unknown
UI2025,Y,FALSE,FALSE,Unknown
UI2026,Y,FALSE,FALSE,Unknown
UI2027,Y,FALSE,FALSE,Unknown
UI2028,Y,FALSE,FALSE,Unknown
UI2032,A,FALSE,FALSE,Unknown
UI2034,A,FALSE,FALSE,Unknown
UI2036,A,FALSE,FALSE,Unknown
UI2037,A,FALSE,FALSE,Unknown
UI2038,Y/A,FALSE,FALSE,Unknown
UI2042,A,FALSE,FALSE,Unknown
UI2045,Y/A,FALSE,FALSE,Unknown
UI2046,A,FALSE,FALSE,Unknown
UI2049,Y,FALSE,FALSE,Unknown
UI2050,A,FALSE,FALSE,Unknown
UI2051,Y,FALSE,FALSE,Unknown
UI2052,A,FALSE,FALSE,Unknown
UI2053,A,FALSE,FALSE,Unknown
UI2057,A,FALSE,FALSE,Unknown
UI2060,Y/A,FALSE,FALSE,Unknown
UI2061,A,FALSE,FALSE,Unknown
UI2064,Y/A,FALSE,FALSE,Unknown
UI2066,A,FALSE,FALSE,Unknown
UI2069,Y,FALSE,FALSE,Unknown
UI2073,Y/A,FALSE,FALSE,Unknown
UI2075,A,FALSE,FALSE,Unknown
UI2080,Y,FALSE,FALSE,Unknown
UI2081,Y,FALSE,FALSE,Unknown
UI2083,A,FALSE,FALSE,Unknown
UI2086,A,FALSE,FALSE,Unknown
UI2087,Y/A,FALSE,FALSE,Unknown
UI2089,A,FALSE,FALSE,Unknown
UI2093,A,FALSE,FALSE,Unknown
UI2096,A,FALSE,FALSE,Unknown
UI2097,Y,FALSE,FALSE,Unknown
UI2099,A,FALSE,FALSE,Unknown
UI2101,A,FALSE,FALSE,Unknown
UI2102,A,FALSE,FALSE,Unknown
UI2104,A,FALSE,FALSE,Unknown
UI2105,A,FALSE,FALSE,Unknown
UI2107,Y,FALSE,FALSE,Unknown
UI2110,Y,FALSE,FALSE,Unknown
UI2111,A,FALSE,FALSE,Unknown
UI2113,Y/A,FALSE,FALSE,Unknown
UI2117,Y/A,FALSE,FALSE,Unknown
UI2118,Y,FALSE,FALSE,Unknown
UI2120,A,FALSE,FALSE,Unknown
UI2122,A,FALSE,FALSE,Unknown
UI2124,A,FALSE,FALSE,Unknown
UI2125,A,FALSE,FALSE,Unknown
UI2128,A,FALSE,FALSE,Unknown
UI2129,Y,FALSE,FALSE,Unknown
UI2130,Y,FALSE,FALSE,Unknown
UI2131,A,FALSE,FALSE,Unknown
UI2132,A,FALSE,FALSE,Unknown
UI2135,Y,FALSE,FALSE,Unknown
UI2136,A,FALSE,FALSE,Unknown
UI2137,Y/A,FALSE,FALSE,Unknown
UI2138,A,FALSE,FALSE,Unknown
UI2139,A,FALSE,FALSE,Unknown
UI2140,A,FALSE,FALSE,Unknown
UI2146,A,FALSE,FALSE,Unknown
UI2147,Y/A,FALSE,FALSE,Unknown
UI2150,A,FALSE,FALSE,Unknown
UI2151,Y,FALSE,FALSE,Black
UI2154,A,FALSE,FALSE,Unknown
UI2155,A,FALSE,FALSE,Unknown
UI2157,A,FALSE,FALSE,Unknown
UI2158,Y,FALSE,FALSE,Unknown
UI2161,Y,FALSE,FALSE,Unknown
UI2163,A,FALSE,FALSE,Unknown
UI2172,A,FALSE,FALSE,Unknown
UI2173,Y/A,FALSE,FALSE,Unknown
UI2178,A,FALSE,FALSE,Unknown
UI2181,A,FALSE,FALSE,Unknown
UI2182,Y,FALSE,FALSE,Unknown
UI2183,Y,FALSE,FALSE,Unknown
UI2184,Y/A,FALSE,FALSE,Unknown
UI2188,A,FALSE,FALSE,Unknown
UI2190,A,FALSE,FALSE,Unknown
UI2193,Y,FALSE,FALSE,Unknown
UI2194,A,FALSE,FALSE,Unknown
UI2195,A,FALSE,FALSE,Unknown
UI2196,Y/A,FALSE,FALSE,Unknown
UI2204,Y,FALSE,FALSE,Unknown
UI2206,A,FALSE,FALSE,Unknown
UI2207,A,FALSE,FALSE,Unknown
UI2208,A,FALSE,FALSE,Unknown
UI2210,A,FALSE,FALSE,Unknown
UI2217,A,FALSE,FALSE,Unknown
UI2219,A,FALSE,FALSE,Unknown
UI2224,A,FALSE,FALSE,Unknown
UI2228,A,FALSE,FALSE,Unknown
UI2229,A,FALSE,FALSE,Unknown
UI2231,A,FALSE,FALSE,Unknown
UI2233,Y/A,FALSE,FALSE,Unknown
UI2236,A,FALSE,FALSE,Unknown
UI2237,A,FALSE,FALSE,Unknown
UI2240,Y/A,FALSE,FALSE,Unknown
UI2241,A,FALSE,FALSE,Unknown
UI2242,Y,FALSE,TRUE,Black
UI2244,A,FALSE,FALSE,Gray
UI2245,A,FALSE,FALSE,Gray
UI2246,A,FALSE,TRUE,White
UI2247,A,FALSE,FALSE,Gray
UI2248,A,FALSE,FALSE,Gray
UI2249,Y/A,FALSE,FALSE,Gray
UI2250,Y/A,FALSE,TRUE,Gray
UI2261,A,FALSE,FALSE,Gray
UI2262,Y,FALSE,TRUE,Gray
UI2264,A,FALSE,TRUE,Gray
UI2265,A,FALSE,FALSE,Unknown
UI2267,A,FALSE,FALSE,Unknown
UI2272,Y,FALSE,FALSE,Unknown
UI2273,A,FALSE,FALSE,Unknown
UI2274,A,FALSE,FALSE,Unknown
UI2275,Y,FALSE,FALSE,Unknown
UI2278,Y,FALSE,FALSE,Unknown
UI2279,Y/A,FALSE,FALSE,Unknown
UI2280,Y/A,FALSE,FALSE,Unknown
UI2281,A,FALSE,FALSE,Unknown
UI2283,Y,FALSE,FALSE,Unknown
UI2285,Y/A,FALSE,FALSE,Unknown
UI2286,Y,FALSE,FALSE,Unknown
UI2287,Y/A,FALSE,TRUE,Gray
UI2288,Y,FALSE,FALSE,Unknown
UI2289,A,FALSE,FALSE,Unknown
UI2290,A,FALSE,TRUE,Gray
UI2292,A,FALSE,FALSE,Unknown
UI2293,A,FALSE,FALSE,Unknown
UI2297,A,FALSE,FALSE,Unknown
UI2298,A,FALSE,FALSE,Unknown
UI2299,Y/A,FALSE,FALSE,Unknown
UI2300,A,FALSE,FALSE,Gray
UI2304,A,FALSE,FALSE,Gray
UI2306,A,FALSE,FALSE,Gray
UI2307,Y,FALSE,FALSE,Gray
UI2308,A,FALSE,FALSE,Gray
UI2309,A,FALSE,FALSE,Black
UI2313,A,FALSE,FALSE,Gray
UI2315,A,FALSE,FALSE,Unknown
UI2316,Y,FALSE,FALSE,Gray
UI2317,A,FALSE,FALSE,Gray
UI2318,Y,FALSE,FALSE,Gray
UI2319,Y,FALSE,FALSE,Black
UI2321,A,FALSE,FALSE,Gray
UI2322,A,FALSE,FALSE,Gray
UI2323,Y,FALSE,FALSE,Gray
UI2324,Y/A,FALSE,FALSE,Gray
UI2325,A,FALSE,FALSE,Gray
UI2328,Y/A,FALSE,FALSE,Black
UI2329,Y/A,FALSE,FALSE,Gray
UI2330,A,FALSE,FALSE,Gray
UI2331,Y,FALSE,FALSE,Gray
UI2332,A,FALSE,FALSE,Black
UI2333,A,FALSE,FALSE,White
UI2334,A,FALSE,FALSE,Black
UI2335,Y/A,FALSE,FALSE,Black
UI2336,Y,FALSE,FALSE,Gray
UI2338,A,FALSE,FALSE,Gray
UI2340,A,FALSE,FALSE,Gray
UI2342,Y,FALSE,FALSE,Black
UI2345,A,FALSE,FALSE,Gray
UI2347,A,FALSE,FALSE,Gray
UI2350,Y,FALSE,FALSE,Gray
UI2351,Y,FALSE,FALSE,Gray
UI2352,Y,FALSE,FALSE,Black
UI2353,A,FALSE,FALSE,Unknown
UI2354,Y,FALSE,FALSE,Unknown
UI2356,Y,FALSE,FALSE,Unknown
UI2357,A,FALSE,FALSE,Gray
UI2358,A,FALSE,FALSE,Gray
UI2361,Y,FALSE,FALSE,Gray
UI2363,Y,FALSE,FALSE,Gray
UI2364,A,FALSE,FALSE,Gray
UI2365,A,TRUE,FALSE,Gray
UI2366,A,TRUE,FALSE,Black
UI2367,Y,FALSE,FALSE,Gray
UI2368,A,FALSE,FALSE,Gray
UI2370,Y,FALSE,FALSE,Unknown
UI2371,A,FALSE,FALSE,Black
UI2372,A,FALSE,FALSE,White
UI2375,A,FALSE,TRUE,Gray
UI2376,Y,FALSE,FALSE,Gray
UI2377,A,TRUE,FALSE,Gray
UI2378,A,FALSE,FALSE,Black
UI2379,A,FALSE,FALSE,Black
UI2380,A,FALSE,FALSE,Black
UI2382,Y/A,FALSE,FALSE,Black
UI2384,Y,FALSE,FALSE,Gray
UI2386,Y,FALSE,FALSE,Gray
UI2387,Y/A,FALSE,FALSE,Gray
UI2388,A,TRUE,FALSE,Gray
UI2391,A,FALSE,FALSE,Gray
UI2393,Y,FALSE,FALSE,Gray
UI2397,Y,FALSE,FALSE,Unknown
UI2399,Y/A,FALSE,FALSE,Gray
UI2400,A,FALSE,FALSE,Black
UI2402,Y/A,FALSE,FALSE,Unknown
UI2403,A,FALSE,FALSE,Unknown
UI2405,Y,FALSE,TRUE,Gray
UI2406,A,TRUE,FALSE,Unknown
UI2407,Y,FALSE,FALSE,Unknown
UI2408,A,TRUE,FALSE,Unknown
UI2409,A,FALSE,FALSE,Black
UI2415,A,FALSE,FALSE,Unknown
UI2418,Y,FALSE,FALSE,Gray
UI2420,A,FALSE,FALSE,Unknown
UI2421,A,FALSE,FALSE,Unknown
UI2422,Y,FALSE,FALSE,Unknown
UI2427,A,FALSE,FALSE,Gray
UI2432,A,TRUE,FALSE,Unknown
UI2437,Y,FALSE,FALSE,Unknown
UI2440,A,TRUE,FALSE,Gray
UI2443,A,FALSE,FALSE,Gray
UI2444,Y,FALSE,FALSE,Gray
UI2445,A,FALSE,FALSE,Gray
UI2448,Y,FALSE,FALSE,Black
UI2449,A,FALSE,FALSE,Gray
UI2450,Y/A,FALSE,FALSE,Black
UI2452,A,FALSE,FALSE,Gray
UI2454,A,TRUE,FALSE,Gray
UI2455,A,FALSE,FALSE,Gray
UI2459,A,FALSE,FALSE,Gray
UI2460,Y/A,FALSE,FALSE,Black
UI2462,Y/A,FALSE,FALSE,Unknown
UI2463,A,FALSE,FALSE,Unknown
UI2465,Y,FALSE,FALSE,Unknown
UI2469,A,FALSE,FALSE,Black
UI2472,A,FALSE,TRUE,Gray
UI2476,A,FALSE,FALSE,Gray
UI2477,A,FALSE,FALSE,Gray
UI2478,A,FALSE,TRUE,Gray
UI2481,Y,FALSE,FALSE,Unknown
UI2485,A,FALSE,FALSE,Unknown
UI2487,A,FALSE,FALSE,Unknown
UI2491,Y/A,FALSE,FALSE,Unknown
UI2494,A,TRUE,FALSE,Gray
UI2495,A,TRUE,FALSE,Black
UI2499,A,FALSE,FALSE,Gray
UI2500,A,TRUE,FALSE,Gray
UI2501,A,FALSE,FALSE,Black/Tan
UI2502,A,FALSE,FALSE,Unknown
UI2503,A,FALSE,TRUE,Black
UI2504,Y/A,FALSE,FALSE,Gray
UI2505,A,FALSE,FALSE,Black
UI2507,A,FALSE,FALSE,Gray
UI2508,A,FALSE,FALSE,Black
UI2511,Y,FALSE,FALSE,Gray
UI2513,Y/A,FALSE,FALSE,Gray
UI2515,Y,FALSE,FALSE,Gray
UI2516,A,TRUE,FALSE,Black
UI2517,Y,FALSE,FALSE,Gray
UI2519,A,FALSE,FALSE,Gray
UI2520,Y,FALSE,FALSE,Black
UI2521,A,FALSE,FALSE,Black
UI2522,A,FALSE,FALSE,Gray
UI2523,A,FALSE,FALSE,Black
UI2524,Y,FALSE,FALSE,Gray/Tan
UI2525,A,FALSE,FALSE,White
UI2526,A,FALSE,FALSE,Gray
UI2530,A,FALSE,FALSE,Gray
UI2532,A,FALSE,FALSE,Gray
UI2533,Y,FALSE,FALSE,Gray
UI2534,A,FALSE,FALSE,Black/Tan
UI2535,A,FALSE,FALSE,Gray
UI2561,Y,FALSE,FALSE,Unknown
UI2563,A,FALSE,FALSE,Unknown
UI2564,Y/A,FALSE,FALSE,Unknown
UI2604,Y,FALSE,TRUE,Unknown
UI2614,A,FALSE,FALSE,Black
UI2615,Y,FALSE,FALSE,Gray
UI2629,A,FALSE,FALSE,Gray
UI2631,A,FALSE,FALSE,Gray
UI2632,Y/A,FALSE,FALSE,Gray
UI2661,A,FALSE,TRUE,Black
UI2685,A,FALSE,FALSE,Gray
UI2762,A,FALSE,FALSE,Black
UI2862,A,TRUE,FALSE,Gray
