Sample Name,Quantity Mean
111C4,0
11QW6,0
SYZZB,0
SZZVH,0
SZZVT,0
TZZVR,0
TZZVT,0
TZZVU,0
TZZVW,0
TZZVY,0
TZZW2,0
TZZW3,0
TZZW5,0
TZZWA,0
TZZWI,0
TZZWU,0
TZZXB,0
TZZXH,0
TZZXJ,0
TZZXM,0
TZZXO,0
TZZXR,0
TZZXU,0
TZZXW,0
TZZXY,0
TZZY2,0
TZZY5,0
TZZY6,0
TZZYN,0
TZZYP,0
TZZYV,0
TZZYX,0
TZZYZ,0
TZZZ3,0
TZZZ8,0
TZZZD,0
TZZZH,0
TZZZI,0
TZZZK,0
TZZZN,0
TZZZO,0
TZZZR,0
TZZZT,0
UYZVI,0
UYZVW,0
UYZW8,0
UYZWF,0
UYZWJ,0
UYZWL,0
UYZWN,0
UYZWP,0
UYZWS,0
UYZWT,0
UYZWX,0
UYZWY,0
UYZWZ,0
UYZX2,0
UYZX8,0
UYZX9,0
TZZZ5,6.9629E-05
UYZWQ,9.05818E-05
UYZWH,0.000177299
TZZZB,0.000223626
SZZVL,0.000743332
UYZX7,0.001204942
TZZWD,0.001576288
TZZVZ,0.001733894
TZZZ2,0.001748658
TZZZU,0.00184094
TZZZF,0.002426838
UYZW7,0.002642089
TZZW8,0.003365533
TZZZ9,0.003598495
SYZZN,0.003810038
UYZVD,0.004405336
TZZZQ,0.004620016
SZZVS,0.004782287
TZZWF,0.005173326
TZZZ7,0.005827874
UYZWG,0.00582837
TZZVO,0.006036474
TZZZX,0.006686569
TZZZA,0.00686988
TZZZW,0.007036243
UYZWI,0.007084733
UYZVB,0.007593723
TZZZJ,0.007725883
UYZWD,0.007871266
111YO,0.008428493
UYZVT,0.008538385
UYZWV,0.009265717
UYZVS,0.009349409
TZZWX,0.009737412
TZZYY,0.010485299
UYZVE,0.010531334
UYZVZ,0.010766019
UYZVA,0.012218712
TZZWR,0.012690971
UYZVK,0.012814209
UYZV1,0.013519926
TZZZ6,0.013957944
UYZWK,0.015450964
UYZX1,0.015849173
TZZYW,0.016069401
TZZZM,0.016878873
UYZX6,0.017357443
TZZZV,0.01771741
TZZYE,0.017820071
UYZWR,0.018449783
TZZY4,0.019233616
UYZW1,0.019972358
TZZXZ,0.020384781
UYZW3,0.020632733
TZZZ1,0.021409586
TZZYK,0.021597572
TZZWN,0.022695005
TZZXF,0.023285491
TZZYS,0.023589723
TZZYH,0.024318509
TZEE,0.0248574
TZZZP,0.025292106
SZZVB,0.025982518
UYZXA,0.026668616
SYZZ3,0.02675508
TZZZG,0.026921172
TZZYR,0.027404476
TZZW4,0.030253392
UYZWU,0.031197326
SYZZI,0.031269953
111FY,0.031515416
TZZX4,0.031753678
UYZVG,0.031831641
11RVR,0.032
12XZM,0.032072637
TZZVX,0.032268733
TZZXV,0.032537278
UYZVJ,0.03255184
TZZY8,0.034093127
TZZXC,0.034205798
TZZWJ,0.034464955
EW81,0.034612231
UYZV7,0.035607867
UYZV5,0.036298994
UYZWO,0.037457187
SYZZ9,0.037899345
TZZXN,0.038517471
UYZV2,0.039071966
UYZVM,0.0397994
TZZX6,0.039868876
111VQ,0.039937768
UYZVH,0.041538887
TZZWP,0.043258745
SZZVD,0.043403018
TZZYT,0.044863723
SYZZP,0.045139067
TZZVQ,0.045348413
RZRB,0.045470018
TZZX3,0.045678064
TZZZY,0.047369383
TZZYC,0.04743547
111Y9,0.047487162
NZZB,0.047573507
TZS1,0.049455963
SYZZ7,0.051334806
TZZXI,0.051629301
TZZYQ,0.052277997
HZK2,0.052858509
TZZWH,0.053270459
SYZZG,0.054232735
UYZV6,0.054675102
UYZV4,0.054937083
TZZXD,0.05612158
MZQ2,0.056261793
TZZWK,0.056762893
TZZYU,0.057079516
UYZW5,0.057625495
111YD,0.057867426
TZZYM,0.059273411
MZ91,0.059427224
MZRB,0.060000654
UYZV9,0.061000191
TZZXE,0.061628446
SYZZV,0.062736601
OZ4B,0.063091159
TZZXL,0.063485444
TZZXP,0.064270638
11QVN,0.065971762
1136C,0.067542687
TZZXG,0.06799861
JZE1,0.068635598
1136F,0.069093347
TZZX7,0.072057374
11PZM,0.074412301
TZZYB,0.075084671
LZI4,0.076395519
NZ5B,0.076755166
SYZZC,0.079789825
12XYS,0.079944931
SZZVJ,0.080667123
11QZI,0.081276357
TZZZZ,0.082744509
SZZVG,0.082984746
TZZXK,0.084281981
UYZVP,0.085561126
UYZV3,0.08565551
1112X,0.087
SZZV8,0.087310098
EVU1,0.089101836
SYZYZ,0.090812564
TZZY9,0.092927963
SYZZJ,0.093000069
TZZYG,0.096733525
SZIB,0.096923083
TZZY7,0.09692663
KZO2,0.097083323
2QY1,0.098
GZJ4,0.100177854
LZ71,0.101116024
TZZYD,0.102490254
1136H,0.103
TZZY3,0.103651449
SZZVP,0.104441941
UYZV8,0.104824051
111SN,0.107673071
TZZWS,0.108173095
VZV1,0.108400673
111YK,0.108980268
UYZVO,0.109906569
UYZVC,0.110769674
2311,0.111987025
11PWH,0.11335814
TZZXA,0.114407949
11QY3,0.114523187
TZZVP,0.115016207
TZZX1,0.115886122
ZZJD,0.116143346
UZEG,0.116286963
SZZV4,0.11665684
SYZZZ,0.121273316
IZ54,0.123241916
111KU,0.125
MZ2B,0.125449464
MZ72,0.126
SZZVN,0.126453266
IZ91,0.12714307
11PWD,0.129121542
111KC,0.129529983
TZZYJ,0.134297848
NZLB,0.136561647
UZ7E,0.137216017
ZZBA,0.137669161
EUM1,0.139853731
OZYB,0.140636846
LZ4B,0.143011868
YZQD,0.145340681
MZCB,0.145997584
IZD4,0.151533753
UZ21,0.151969552
UYZVN,0.154067963
PZH2,0.155007541
SZZVA,0.158022672
NZPB,0.160987407
SZZVE,0.161068752
SZZVO,0.161270946
TZZZE,0.162341863
TZZW1,0.164828733
2RM1,0.164860949
SZZVC,0.165374309
SYZZR,0.165789187
TZZ1,0.166503176
HZE1,0.169233054
TZZWQ,0.170010924
MZF2,0.1712199
TZV1,0.173501372
JZ91,0.173644617
12XVI,0.174720526
RZLF,0.175593466
111VG,0.176380426
SZZVK,0.187122136
TZZX5,0.187672049
YZFG,0.187823102
IZW1,0.191464543
IZ44,0.191746444
TZZZ4,0.194543272
12A112,0.196157724
MZVB,0.201575518
JZT1,0.202444613
EYW1,0.203
TZZWE,0.203634247
IZ84,0.206
TZZXS,0.207573384
LZ54,0.212213904
XZ11,0.213640124
YZ2A,0.215183347
UYZWC,0.217152014
SZZVM,0.217309654
SZZV3,0.218915522
UZ41,0.221458703
111UT,0.223627701
TZZWO,0.223822668
11RVY,0.228090599
SYZZS,0.233066559
1136I,0.234698728
UYZVL,0.235252142
TZZWY,0.24098599
TZZVV,0.242488414
TZZW9,0.243029267
1MZX5,0.245393842
111G7,0.25086686
1119C,0.254311204
12XZ6,0.257044375
SYZZO,0.25974822
RZQB,0.260008663
2RJ1,0.26140219
LZ94,0.261969358
SYZZ4,0.262201607
SYZZK,0.262738764
KZB1,0.263506413
UYZVU,0.269556046
UYZVF,0.281351566
MZWB,0.284411699
TZZWC,0.289922327
1OX1,0.291118741
ZZVA,0.291129172
KZ61,0.294818282
PZE2,0.297087967
11135,0.299595714
YZRA,0.301349521
TZZXX,0.303257883
KZC1,0.307
QZUF,0.313821703
11RVN,0.313973963
NZK2,0.317543596
111XU,0.317818522
WZBA,0.324338496
TZZWM,0.332756996
1OS1,0.33392337
RZKF,0.334654272
VZA1,0.334813625
1113R,0.342204809
SYZZ8,0.356152683
TZZWW,0.359785616
YZPE,0.361066639
SYZZA,0.369191945
SYZZ5,0.371213675
EV91,0.372200668
SZZV7,0.38896054
SYZZM,0.397305131
111KT,0.403392643
SYZZQ,0.404498458
TZZX9,0.409174263
1114H,0.41089046
TZZVS,0.413825333
TZZX8,0.414355665
TZZWT,0.415776044
KZB4,0.418715507
TZZWG,0.421052632
TZYH,0.421076477
UZC1,0.425794959
UYZW2,0.42709589
TZZZC,0.430392206
TZZWV,0.434200466
SZZVI,0.435774356
TZZWL,0.438192248
SYZZD,0.440309286
TZZXT,0.440355241
TZZXQ,0.446807504
11PZV,0.450425625
SZZVR,0.453820705
1114C,0.456163287
VZVE,0.457542568
NZR2,0.46255675
VZWA,0.481267452
SZZV9,0.494224399
SYZZF,0.499420106
SYZZX,0.506684542
UYZVY,0.508167982
JZB4,0.512693524
SYZZT,0.51787436
12ZYV,0.521747649
UYZWA,0.531140625
WZ21,0.533763647
SYZZE,0.536099672
1JM1,0.560712695
UYZW6,0.584261775
11159,0.602523685
XZGA,0.62275672
UYZW4,0.630125403
FZ34,0.645337582
JZC1,0.646156907
VZVA,0.648336232
YZQA,0.648869097
HZ42,0.660490155
2QV1,0.661112785
UYZVR,0.663135469
SZZVQ,0.683443367
111KV,0.692770779
RZOB,0.716253996
JZF1,0.776437044
TZ3B,0.784413338
NZQ2,0.812723637
TZZWZ,0.839295268
111Y2,0.843312383
SYZZ2,0.864284515
1113K,0.900171041
LZ8B,0.919046044
SYZZL,0.956285477
TZZY1,0.969500542
OZ12,0.980490327
VZWE,1.001713037
XZHA,1.005995274
SZZV5,1.011017084
TZZW6,1.08061409
UYZVV,1.080659032
TZZYA,1.151478529
TZZYI,1.200062037
12XZN,1.202669621
TZZYL,1.203872681
SZZVF,1.230015278
MZKB,1.253030658
TZZX2,1.272793293
1N81,1.345853806
TZZW7,1.386293173
111R7,1.486427069
PZ1B,1.574591756
TZZYO,1.586953163
VZUE,1.632276893
SYZZ1,1.661542416
ZZ7A,1.667737007
KZZ1,1.714135885
SYZZH,1.735285044
XZFA,1.740469217
SYZZ6,1.822216511
YZ7A,1.836577415
SZZV6,1.944296002
UYZX3,1.951566458
LZP4,1.967465639
111KK,2.03836894
1OT1,2.065517902
111HK,2.072170734
111BM,2.096035957
EUN1,2.164769888
SZZV2,2.189348221
VZUA,2.199687719
JZL1,2.271948338
111HJ,2.275112629
111HY,2.468082428
12ZYX,2.51864934
XZEA,2.609539032
TZZYF,2.890043259
TZZWB,2.905580521
111AI,2.961190939
NZN2,2.964896679
VZXA,2.96685791
WZ71,3.121975422
1119L,3.629995346
UYZW9,3.66403985
1119L,3.748123646
1119L,3.880307436
1119L,3.915546417
UYZWE,3.983716965
1119L,4.061109543
1119L,4.092725754
1119L,4.180696964
1119L,4.372673035
1119L,4.633891582
1119L,4.653374672
1119L,4.855921745
SZZV1,4.951840401
SYZZU,5.647616386
UYZWB,6.553215027
UYZX5,13.06822491
SYZZY,23.44384384
UYZYA,0
UYZY4,0
UYZXQ,0
UYZXX,0
UYZY5,0
UYZXR,0
UYZY8,0
UYZXB,0.000145103
UYZXU,0.000869775
UYZXD,0.001206009
UYZXZ,0.001978146
UYZY3,0.002252736
UYZXW,0.002391596
UYZXY,0.003949946
UYZXC,0.004900039
UYZXK,0.006599038
UYZYD,0.00824112
UYZXN,0.008723414
UYZXP,0.009395428
UYZXE,0.014517157
UYZXM,0.015347894
UYZXH,0.026061535
UYZXT,0.026414357
UYZYC,0.026578199
UYZXO,0.030764285
UYZY7,0.036529765
UYZXL,0.038276464
UYZYB,0.095603585
UYZXI,0.099796697
UYZXG,0.113739192
UYZXF,0.131093323
UYZXJ,0.203525215
UYZXS,0.489579707
UYZY6,0.582355261
UYZYF,0.817656994
UYZY1,1.645400524
UYZYE,3.11047411
1119L,4.35924387
UYZXV,5.366551399
UYZZ4,0
UYZZI,0
UYZYR,0
UYZYU,4.56353E-05
UYZZ1,6.69267E-05
UYZZK,0.000559197
UYZYS,0.001312598
UYZYV,0.002060806
UYZYI,0.004561951
UYZYM,0.00561851
UYZYJ,0.007407276
UYZYY,0.007734821
UYZZF,0.009150838
UYZZ9,0.0095499
UYZZ8,0.012628132
UYZYL,0.014636033
UYZZG,0.017352914
UYZYW,0.020819815
UYZZB,0.022215113
UYZZC,0.022626888
UYZZ5,0.034053128
UYZZ6,0.036258109
UYZZD,0.074282631
UYZZJ,0.10795854
UYZYK,0.113788478
UYZYX,0.116646022
UYZYH,0.17521219
UYZYN,0.231388032
UYZYT,0.238313079
UYZZH,0.253442645
UYZYG,0.454003692
UYZZ2,0.623306036
UYZYZ,0.73982656
UYZZ3,0.876233339
UYZYO,0.934375882
UYZYP,1.077638388
UYZYQ,1.33903861
1119L,5.18558979
UYZZA,23.51213074
1PZY1,0.01562321
7ZZW5 (UI1263),0.023763647
1MZZ3,0.026663436
4YZXC,0.038080271
4ZZWK,0.046497032
1QZXQ (UI1340),0.052865528
4ZZWD,0.074576348
1PZV1 (UI2709),0.1028312
1OZX7,0.107402325
1OZWW,0.114350013
1PZWK,0.121140964
1MZWW (UI1152),0.135339111
1NZWU (UI1381),0.141586736
1QZY5,0.146080956
1MZXI (UI2720),0.155509889
1QZW9,0.170900106
4YZZZ,0.179767981
4YZX8,0.196453929
7ZZXK,0.200139686
1NZVA,0.203439057
3ZZYQ (UI0992),0.217971295
1PZXZ,0.226110846
1OZZ7 (UI1156),0.279018521
1PZVG (UI1351),0.2871207
111FU (UI0435),0.315226495
1NZWT,0.329672754
1QZVD (UI1289),0.3324368
4TZYK,0.33609128
1NZWO (UI2559),0.420773864
1OZY6,0.493554175
1NZWQ,0.495010316
1NZXW (UI2575),0.556858242
1MZYX,0.627896786
1PZWP,0.706852436
111FR (UI0435),1.225854754
1NZX5 (UI1382),1.354623914
4ZZWP,5.555476189
1119L,5.635905266
1QZW5,10.45577145
UYZZV,0
UYZZP,0
UZZV5,0
UZZVL,3.27988E-05
UZZVH,0.00016441
UYZZZ,0.000697616
UZZV4,0.004826685
UZZVE,0.005278016
UYZZY,0.005793278
UYZZN,0.006145685
UZZV3,0.00617292
UZZVF,0.009745051
UZZVG,0.010315176
UYZZL,0.012238815
UZZVI,0.012541332
UZZV2,0.014487019
UZZV6,0.015971094
UZZV9,0.016743623
UYZZR,0.017483266
UYZZQ,0.018471789
UYZZX,0.018680241
UYZZS,0.020599999
UYZZM,0.024147017
UZZVK,0.025103526
UZZVM,0.030216996
UZZV7,0.032618959
UYZZU,0.034668248
4ZZW5,0.050366253
UZZVA,0.051614977
UYZZT,0.067710817
UZZVD,0.076626576
UZZV1,0.094844803
1QZXT,0.152443901
1NZVH,0.177758038
UYZZW,0.229949653
UZZV8,0.319714069
UZZVB,0.422588199
111UW,1.736944437
UYZZO,9.646312714
UZZWP,0
UZZVX,0
UZZWC,0
UZZWJ,0
UZZWQ,0
UZZVR,0
UZZVY,0
UZZW1,0
UZZWA,0
UZZWM,8.80609E-05
UZZVZ,0.00011415
UZZVW,0.000461221
UZZW7,0.001271305
UZZVQ,0.003264997
UZZWL,0.004236857
UZZWB,0.004470957
UZZWS,0.00466522
UZZWG,0.004945556
UZZW5,0.005609307
UZZWE,0.005616677
UZZWT,0.008219907
UZZW4,0.008311968
UZZW2,0.010469717
UZZW8,0.014644604
UZZWN,0.017200163
UZZVS,0.018531229
UZZWK,0.018813416
UZZVT,0.019982643
UZZW3,0.0380629
UZZWF,0.039321654
UZZW9,0.042397171
UZZWU,0.056841247
UZZW6,0.063173637
UZZWD,0.178582892
UZZVV,0.234713435
UZZWI,0.254406363
UZZWR,0.354431093
UZZVU,0.441011965
111UW,1.93604064
UZZXN,0
UZZXA,0
UZZX4,0
UZZXB,0
UZZXC,0
UZZX7,0
UZZXF,0
UZZXU,1.4889E-05
UZZXX,0.002490714
UZZX5,0.003496472
UZZX8,0.004671814
UZZXW,0.004722292
UZZXY,0.007314611
UZZXZ,0.008810916
UZZXP,0.009635889
UZZXJ,0.01054156
UZZX2,0.012696145
UZZWZ,0.017756488
UZZXO,0.019666826
UZZX1,0.020147011
UZZX6,0.027999856
UZZX3,0.030126747
UZZX9,0.030474417
UZZXV,0.034631461
UZZXG,0.035084836
UZZWY,0.039301198
UZZXK,0.040060852
UZZXD,0.045773603
UZZXL,0.054031428
UZZXS,0.070878595
UZZXI,0.091777146
UZZXR,0.104177281
UZZXQ,0.107958585
UZZXH,0.112783313
UZZWX,0.134420365
UZZWV,0.343332171
UZZWW,0.400467426
UZZXE,0.663194478
111UW,1.930936813
UYZWW,0
UYZX4,0
UYZY2,0
UZZYC,0
UZZY6,0
UZZYK,0
UYZY9,0.001478544
UZZYE,0.003915045
UZZYI,0.003967557
UZZY1,0.005089344
TZZZS,0.006389505
UYZZE,0.006512373
UZZYF,0.009092703
UZZY7,0.009654882
UZZYH,0.010419947
UZZYG,0.011055876
UZZVC,0.012287097
UZZYD,0.013351629
UZZYN,0.014069255
UZZYA,0.029626872
UZZY3,0.032440804
UZZYL,0.033225503
12ZXO,0.033364739
UZZY8,0.035227358
UZZY9,0.052550033
UZZY5,0.062834531
UZZVJ,0.067608342
UZZY2,0.070814177
UZZY4,0.094987422
UYZVX,0.118412435
TZZZL,0.146082908
UZZYM,0.196374819
UYZVQ,0.302605093
UZZYB,0.348291725
12ZXT,0.361259937
111UW,2.235565662
UZZYJ,2.529544353
12XZS,3.231098652
UYZZ7,6.168778419
UZZYQ,0
UZZZ5,0
UZZZB,0
UZZYY,0
UZZZ7,0
UZZZJ,0
UZZXM,0
UZZZ8,0
UZZXT,0
UZZZF,0
UZZZL,0
UZZYV,0
UZZYX,2.66818E-05
UZZZE,3.06583E-05
UZZZD,5.53004E-05
UZZYZ,0.00014417
UZZYW,0.000423335
UZZZA,0.002405617
UZZZH,0.003061078
UZZWO,0.003465587
UZZZ4,0.006937295
UZZYS,0.007313894
UZZZ9,0.007469436
UZZZC,0.008769922
UZZYP,0.013867451
UZZZ6,0.016781706
UZZYO,0.017456241
UZZYU,0.021344315
UZZYR,0.022159701
UZZZK,0.035511427
UZZZ2,0.039123844
UZZZI,0.073475763
UZZZ3,0.078054562
UZZZ1,0.118921503
UZZYT,0.547118783
UZZZG,0.786413193
12ZXY,1.863087893
111UW,2.058762074
UZZWH,2.304811478
VYZV7,0
VYZV1,0
VYZV8,0
VYZV2,0
VYZV9,0
UZZZO,0
VYZV3,0
VYZVC,0.002547886
VYZV5,0.003382694
VYZVA,0.003449332
VYZVE,0.005034219
VYZVB,0.005184809
VYZV6,0.006144684
UZZZZ,0.006410942
VYZVH,0.006630874
UZZZV,0.006639094
VYZV4,0.008800344
UZZZW,0.013095392
VYZVM,0.01881084
VYZVG,0.02081918
VYZVK,0.031027669
UZZZP,0.037769273
VYZVJ,0.068032898
UZZZU,0.068746313
UZZZN,0.090978399
VYZVO,0.091107711
UZZZY,0.101935029
VYZVI,0.122604862
UZZZX,0.152855068
UZZZS,0.17891404
VYZVN,0.182642937
VYZVF,0.271376312
UZZZR,0.5501436
VYZVL,0.723666668
UZZZM,1.103452682
VYZVD,1.621199846
UZZZQ,1.721669674
UZZZT,2.035317898
111UW,2.172827482
VYZVV,0
VYZVP,0
VYZVQ,0
VYZVS,0
VYZW2,0
VYZVT,0.001407138
VYZVW,0.001708464
VYZW3,0.006302004
VYZWH,0.009898314
VYZVR,0.013030862
VYZWD,0.022768918
VYZW7,0.027993396
VYZW1,0.031818636
VYZVY,0.035755388
VYZVX,0.037546791
VYZVZ,0.037712142
VYZWN,0.062343661
VYZW8,0.071616605
VYZVU,0.084367923
VYZWM,0.129011855
VYZWI,0.136456013
VYZWR,0.18070747
VYZWF,0.211858228
VYZWP,0.24044621
VYZW9,0.260023952
VYZW4,0.332673252
VYZW5,0.403006524
VYZWK,0.437822163
VYZWC,0.534373462
VYZWJ,0.656888127
VYZWQ,0.73120749
VYZWG,1.107299089
VYZWA,1.188520193
VYZWB,1.523403406
VYZWE,1.771670341
VYZWO,2.122933626
111UW,2.253278732
VYZW6,3.998534679
VYZWL,5.290877342
SZZWN,0
SZZWQ,0
SZZX6,0
UZZVO,0.000193045
UZZVN,0.00054486
UZZVP,0.002530334
SZZXL,0.002718734
SZZXK,0.005711363
SZZXH,0.006002454
SZZYB,0.006203135
SZZXM,0.010411445
SZZYC,0.010600376
SZZXU,0.011982301
SZZXA,0.01395044
SZZX4,0.020033678
SZZX1,0.023146391
SZZWY,0.027932111
SZZW2,0.031454809
SZZXI,0.035219204
SZZX9,0.040038757
SZZXW,0.068874717
SZZWF,0.074697927
SZZXV,0.076506935
SZZWR,0.078220725
SZZVW,0.078854814
SZZWS,0.089791156
SZZXQ,0.089915678
SZZY6,0.104476288
SZZWE,0.111310661
SZZWD,0.276613653
SZZWW,0.295605838
SZZY5,0.331909239
VYZWS,0.509202063
SZZXF,0.660891652
SZZY3,0.682241559
SZZY9,1.216860771
SZZY1,1.33578825
SZZXJ,1.418018818
111UW,2.270045757
SZZYI,0
SZZZS,0
SZZZV,0.003032154
SZZZD,0.003116037
TYZV9,0.005757528
SZZZQ,0.005831507
SZZYV,0.009007259
SZZZO,0.011711055
SZZZN,0.013774093
TYZV8,0.014128986
SZZZZ,0.016303919
SZZZ2,0.018016292
SZZYQ,0.018108657
TYZVE,0.021036893
SZZYY,0.023197534
SZZYS,0.024599411
TYZV4,0.026173305
SZZZT,0.038590658
SZZZG,0.041804221
SZZZF,0.052655913
SZZZX,0.055686768
TYZV7,0.087739155
SZZZ4,0.092631757
TYZVB,0.095029585
SZZZR,0.107691832
SZZYJ,0.108416766
SZZZ7,0.116777226
TYZV1,0.131200477
TYZVD,0.147568762
SZZYK,0.165378124
SZZZB,0.182083115
SZZZH,0.23824206
SZZZI,0.368982852
SZZZE,1.012811899
SZZZ8,1.110837936
SZZZ3,1.254017115
111UW,1.965568781
TYZV3,2.392962217
SZZZW,8.246881485
VYZXE,0
VYZXL,0
VYZXM,0
VYZXO,0
VYZXD,0.000387507
VYZXB,0.001194914
VYZXI,0.00122954
VYZX4,0.001436362
VYZX7,0.001803437
VYZWW,0.001831804
VYZXV,0.002262321
VYZXN,0.002326588
VYZXQ,0.002652225
VYZX2,0.002736152
VYZXC,0.003233922
VYZWU,0.004226652
VYZXK,0.004495362
VYZXS,0.004627806
VYZXT,0.006510124
VYZX1,0.008492418
VYZXJ,0.014124069
VYZX8,0.014134412
VYZXH,0.017289296
VYZWV,0.018677363
VYZXR,0.022657797
VYZX3,0.02998969
VYZXF,0.03204038
VYZXU,0.034736328
VYZXA,0.035749
VYZWT,0.036573131
VYZX9,0.04507789
VYZXG,0.069230676
VYZXP,0.071640417
VYZWX,0.072888643
VYZWZ,0.082866639
VYZX6,0.114293121
VYZX5,0.301309407
VYZWY,0.510336399
111UW,1.418035269
VYZYT,0
VYZYB,0
VYZYU,0
VYZYR,0
VYZYM,0
VYZYO,1.03069E-05
VYZYY,5.47538E-05
VYZYG,0.000132232
VYZYQ,0.001862251
VYZY8,0.002277061
VYZYW,0.002417367
VYZYJ,0.003342353
VYZY9,0.004993559
VYZYN,0.004996093
VYZXX,0.007850204
VYZXW,0.009500958
VYZYK,0.010013796
VYZY5,0.010509579
VYZYH,0.010644834
VYZYE,0.012458872
VYZYP,0.01393632
VYZY4,0.015203507
VYZY7,0.017945508
VYZYD,0.019733729
VYZYL,0.02930139
VYZYS,0.032716118
VYZYX,0.032881409
VYZY1,0.044772051
VYZYA,0.067580745
VYZYF,0.151788101
VYZYI,0.174286991
VYZXY,0.197842419
VYZY2,0.235290051
VYZYV,0.288819939
VYZXZ,0.422236145
VYZY3,0.672644138
VYZYC,1.190488458
111UW,1.39186275
VYZY6,1.581872702
VYZZG,0
VYZZ3,0
VZZV1,0
VYZZP,0
VYZZC,0
VYZZJ,6.47248E-07
VYZZR,2.4079E-06
VYZYZ,3.54424E-05
VYZZ8,0.000138611
VYZZV,0.000205145
VYZZX,0.000342043
VYZZA,0.00037831
VYZZU,0.000442828
VYZZQ,0.000500304
VYZZW,0.000646837
VYZZL,0.000980477
VYZZE,0.000995693
VYZZ9,0.001049646
VYZZH,0.001057154
VYZZ7,0.001679096
VZZV2,0.001851571
VYZZY,0.002080212
VYZZM,0.002478621
VYZZT,0.003288413
VYZZF,0.004410643
VYZZO,0.005231507
VYZZB,0.006102773
VYZZI,0.0061712
VYZZ4,0.006596548
VYZZZ,0.012136823
VYZZK,0.013312312
VYZZ1,0.016937355
VYZZN,0.022677302
VYZZ6,0.028566647
VYZZS,0.032064795
VYZZ5,0.076673314
VYZZD,0.094814375
VYZZ2,0.219065771
111UW,2.854751587
VZZV9,0
VZZV3,0
VZZVA,0
VZZVC,0
VZZVD,0
VZZVB,1.79243E-06
VZZVF,0.00029111
1112OA,0.000460187
VZZVE,0.000491125
VZZV8,0.000539056
1112O5,0.000565072
VZZV7,0.000669252
VZZV6,0.000680504
1112O9,0.001192583
1112O7,0.001357688
1112NR,0.001481814
1112OB,0.00223997
VZZV5,0.002492793
1112O4,0.002615625
1112NP,0.002668419
1112O8,0.003488899
1112O2,0.004218305
1112NU,0.007610031
1112NS,0.010229129
1112O1,0.010827677
VZZV4,0.012549484
1112NW,0.014144743
1112O6,0.018848788
1112NZ,0.027239922
1112NX,0.055379771
1112NT,0.067456275
VZZVG,0.076420441
1112O3,0.231275901
1112NQ,0.2636711
VZZVI,0.414480984
1112NV,0.651907921
VZZVH,0.698540211
1112NY,0.738683701
111UW,1.323111057
TYZWF,0
TYZXZ,0
TYZVS,0
TYZXJ,2.74394E-06
TYZVY,8.25612E-05
TYZY3,0.001233303
TYZVZ,0.001250261
TYZWE,0.001310414
TYZWO,0.001414489
TYZW9,0.001429432
TYZXD,0.001920521
TYZYL,0.002038295
TYZX7,0.002071718
TYZY6,0.002537186
TYZXY,0.002732767
TYZY8,0.002784672
TYZX5,0.007388385
TYZVR,0.008069354
TYZVW,0.008110425
TYZX4,0.011012271
TYZYI,0.013144219
TYZVU,0.015624322
TYZWR,0.016829267
TYZVT,0.017185006
TYZWK,0.026364606
TYZWQ,0.028916679
TYZYB,0.033026487
TYZYA,0.047910564
TYZVX,0.05808071
TYZX3,0.058379032
TYZVN,0.066894799
TYZY2,0.073500909
TYZXN,0.07624428
TYZXQ,0.092081934
TYZVL,0.191759348
TYZX6,0.252123356
TYZVQ,0.264505386
111UW,1.430584788
TYZXU,3.625381947
1112ED,0
TYZYU,0
TYZZ7,0
TYZZ1,9.58291E-08
TYZYS,1.23167E-07
1112E7,2.10962E-06
TYZZR,2.15207E-06
1112E9,0.000251585
TYZYW,0.000571239
TYZZC,0.000949606
1112E5,0.001322888
TYZZ8,0.00138035
TYZZ9,0.001395527
1112EI,0.001462176
1112EB,0.001638198
TYZYV,0.002327581
TYZYQ,0.002625117
1112EE,0.006546414
1112EF,0.008364885
TYZZ2,0.013746665
TYZYP,0.013950584
TYZZG,0.016889717
1112EJ,0.018080421
1112E8,0.022807993
TYZZ3,0.02937587
1112E6,0.036888972
1112EA,0.040249612
1112EH,0.041875854
TYZZJ,0.077080444
1112E2,0.092820026
TYZYZ,0.094975591
1112E4,0.165403694
1112EK,0.173140243
1112EG,0.345504165
TYZYR,0.411642492
1112E3,0.43175754
UYZWM,0.64379704
111UW,1.028993368
1112EC,1.777434349
1112JI,0
1112JJ,0
1112JK,0
1112JQ,0
1112JM,0
1112JS,0
1112JN,0
1112JZ,0
1112JV,4.25195E-06
1112JR,2.68706E-05
1112J5,0.000296482
1112JG,0.001614655
1112JF,0.00186557
1112J3,0.002588022
1112JX,0.005147847
1112J6,0.006665392
1112JB,0.008506348
1112IY,0.009555862
1112JE,0.00983168
1112J2,0.011095762
1112JC,0.015655747
1112J7,0.017821981
1112JT,0.018901682
1112JL,0.021660509
1112JO,0.055827461
1112JU,0.057620101
1112JW,0.088902704
1112JD,0.092136227
1112JH,0.14216961
1112J8,0.185914382
1112J9,0.235200495
1112JY,0.25062269
1112J1,0.500754952
1112J4,1.188695431
1112JP,1.211978793
111WG,1.228136897
1112JA,1.90230906
1112IZ,3.263794899
1112IX,3.542921305
1112KR,0
1112KX,0
1112KA,0
1112K4,0
1112KP,0
1112K5,0
1112K6,0
1112KD,0
1112L2,8.74766E-06
1112KC,4.16567E-05
1112KI,6.60477E-05
1112L1,0.000166007
1112KQ,0.000753883
1112KH,0.001139783
1112KE,0.001411176
1112KG,0.002958317
1112K9,0.004373416
1112KS,0.006832789
1112KF,0.007876315
1112KV,0.009883104
1112K3,0.012485015
1112KU,0.013905949
1112K8,0.031787287
1112L3,0.04502774
1112K1,0.054379873
1112KL,0.056053389
1112KB,0.056837462
1112KZ,0.083153725
1112KK,0.113295615
1112KM,0.143451095
1112KO,0.167862371
1112KT,0.206223518
1112KW,0.299415231
1112KN,0.325878918
1112KY,0.391499162
1112K2,0.394901454
1112K7,0.44526425
111WG,1.482294917
1112KJ,9.884183884
1112K4,5.12079E-07
1112NE,1.00127E-05
1112T5,0.000118696
1112JM,0.000400634
1112NN,0.000671921
1112T1,0.00101197
1112T6,0.001305583
1112T2,0.001455909
1112T9,0.001548755
1112T3,0.001816068
1112JN,0.002008994
1112NC,0.002680916
1112T8,0.002700937
1112TB,0.002868722
VYZYF,0.00331787
1112JI,0.003666631
1112NH,0.007080068
1112NF,0.008389949
1112K5,0.009473936
1112T7,0.01056375
1112NA,0.010951508
1112ND,0.013782293
1112NJ,0.01463332
1112JL,0.015735507
1112TA,0.025377912
1112NM,0.02645809
1112NO,0.030370612
1112NK,0.036234997
1112NG,0.043128081
1112JJ,0.044136319
1112JK,0.063696913
1112NB,0.080094762
1112T4,0.14775002
1112SY,0.252112925
TYZXN,0.255099833
1112NL,0.519690514
111WG,1.125035167
1112SZ,2.503209352
1112NI,0
1112U9,0
1112U1,0
1112UE,0
1112UA,3.82361E-06
1112U3,1.75613E-05
1112TV,1.81506E-05
1112TU,2.61132E-05
1112TM,2.67688E-05
1112TK,6.95066E-05
1112UD,0.000113593
1112TJ,0.000216032
1112TD,0.000263514
1112TC,0.000933647
1112TZ,0.001313315
1112TE,0.001555386
1112U5,0.001697344
1112TR,0.001832362
1112TF,0.00187162
1112TY,0.002331198
1112TX,0.003080883
1112U6,0.003303097
1112U2,0.003849589
1112UC,0.004341784
1112TO,0.004992971
1112TG,0.00812105
1112U4,0.011574049
1112TT,0.011706291
1112TS,0.013788097
1112TW,0.020228155
1112TQ,0.041044053
1112U8,0.1592291
1112U7,0.177127808
1112TI,0.339574039
1112TH,0.769800365
1112TP,0.801740289
111WG,1.403896332
1112UB,2.034734249
1112TN,2.758017778
1112TL,17.02835846
1112V4,1.51056E-07
1112UQ,4.62511E-06
1112UL,4.82032E-06
1112UG,3.36938E-05
1112UK,5.08162E-05
1112UX,0.000127089
1112VE,0.000592878
1112V8,0.00068528
1112VB,0.000727211
1112UU,0.001003125
1112V2,0.001184439
1112UR,0.001465906
1112UH,0.001884348
1112V3,0.001899629
1112V6,0.003453841
1112UW,0.003748022
1112VD,0.003867088
1112UY,0.003938359
1112V7,0.005208273
1112VG,0.005219569
1112UI,0.013018635
1112UF,0.013563202
1112UZ,0.022848494
1112UT,0.027745258
1112UM,0.029812157
1112VF,0.034160942
1112UN,0.039114341
1112UJ,0.0448412
1112V5,0.063030474
1112VH,0.07160949
1112VA,0.083771631
1112US,0.112886831
1112UV,0.187263727
1112VC,0.318465561
1112V9,0.517804384
1112UP,0.758725762
111WG,1.464600325
1112UO,1.682811737
1112V1,0
1112XA,0
1112WP,0
1112WV,2.96432E-06
1112WU,2.2783E-05
1112XD,3.44848E-05
1112WR,0.00016396
1112WQ,0.000385622
1112X8,0.001276643
1112WS,0.001367803
1112XC,0.003608579
1112XH,0.003735567
1112WY,0.003951824
1112WO,0.00458443
1112WL,0.004632786
1112XI,0.004985178
1112WM,0.006819639
1112X6,0.012735302
1112XJ,0.012778709
1112XN,0.018272277
1112X4,0.022295382
1112X7,0.031160705
1112XK,0.035669662
1112XF,0.036986653
1112XE,0.043756448
1112XL,0.055406649
1112WN,0.073523924
1112WT,0.081367731
1112WX,0.102859206
1112WW,0.123092368
1112XM,0.123527944
1112X9,0.196099281
1112XG,0.206927359
1112X5,0.540600359
111WG,0.954285264
1112WZ,2.007968664
1112X3,2.833777905
1112XB,3.815496922
1112X1,12.28753281
1112X2,18.74355507
1112MK,0
1112MG,0
1112MW,0
1112MO,0.000159026
1112N1,0.000556061
1112N8,0.000586309
1112MJ,0.001045141
1112MN,0.001165549
1112MX,0.001430762
1112MI,0.001547215
1112N4,0.00216789
1112MY,0.002988858
1112N3,0.003035557
1112MM,0.003926574
1112MR,0.004532898
1112ML,0.004831495
1112MB,0.005428137
1112N5,0.007459763
1112MH,0.00768692
1112MZ,0.009611305
1112N6,0.017029556
1112MS,0.017345319
1112MV,0.020959307
1112MA,0.025449436
1112N2,0.033076607
1112M9,0.047922559
1112M8,0.084693499
1112MC,0.088999778
1112MU,0.109429508
1112MD,0.119145066
1112N9,0.138297647
1112MT,0.179895297
1112MF,0.212698251
1112N7,0.387367725
1112M7,0.935210228
111WG,1.632634878
1112MQ,1.692331314
1112MP,1.854538441
1112ME,9.421210289
1112Y9,0
1112YM,0
1112Y4,0
1112YN,0
1112YO,0
1112XY,0
1112XS,0
1112Y3,5.04383E-07
1112YC,1.87254E-06
1112XZ,2.30771E-06
1112YF,3.11896E-06
1112Y8,4.42258E-06
1112Y6,5.13194E-06
1112YE,7.45921E-06
1112XR,1.41913E-05
1112Y2,2.36889E-05
1112XQ,3.20349E-05
1112Y7,0.000176194
1112YH,0.000291271
1112YI,0.000541321
1112XW,0.000591167
1112XU,0.001067546
1112YB,0.001105609
1112XV,0.001953478
1112XT,0.001977334
1112YK,0.00258139
1112YP,0.002866138
1112YD,0.006470195
1112YG,0.0076933
1112YJ,0.010449443
1112XX,0.026639381
1112YA,0.035299715
1112YQ,0.044730555
1112Y1,0.05587887
1112XO,0.062861063
1112YL,0.068494894
1112XP,0.133571312
1112Y5,0.327977359
111WG,1.180628538
1112FX,0
1112G6,0
1112GC,0
1112GJ,0
1112GP,0
1112GG,3.13861E-07
1112FR,5.1674E-07
1112GF,1.16191E-06
1112GL,4.18173E-06
1112G8,5.07955E-06
1112GB,0.001417018
1112G7,0.002095609
1112FV,0.002806789
1112G3,0.002871269
1112GO,0.002878693
1112G1,0.004128933
1112FQ,0.004168627
1112G5,0.00434811
1112GQ,0.004536348
1112GE,0.004742106
1112FO,0.004788714
1112GK,0.005773177
1112FY,0.006433191
1112GD,0.007990906
1112GH,0.012057264
1112FT,0.013420977
1112GA,0.015803317
1112G2,0.018683165
1112FW,0.032566361
1112GM,0.038672961
1112FS,0.075028479
1112FZ,0.083952159
1112GI,0.095788524
1112FP,0.101428002
1112G4,0.126085311
1112G9,0.127871513
1112GN,0.18696326
111UW,2.010254383
1112FU,4.028345585
1112H5,0
1112H6,0
1112GT,0
1112HA,5.94285E-06
1112HP,1.61271E-05
1112HS,8.97131E-05
1112H9,0.00019692
1112GU,0.000241146
1112HQ,0.000845053
1112HT,0.001434995
1112H1,0.00169447
1112H8,0.001934586
1112HN,0.001976225
1112HB,0.002966481
1112HH,0.003182382
1112GV,0.004546591
1112HF,0.004634595
1112HG,0.006148393
1112HE,0.006812634
1112GW,0.007369727
1112GR,0.008038609
1112GZ,0.01416963
1112H7,0.015436249
1112H3,0.023350831
1112H2,0.037793569
1112GX,0.046128996
1112HI,0.06387791
1112HC,0.064115435
1112HR,0.082696632
1112GS,0.090192601
1112HK,0.092278063
1112HD,0.119123228
1112HL,0.126315087
1112HO,0.19526732
1112GY,0.265906155
1112H4,0.266182303
1112HM,0.505527139
1112HJ,1.529211044
111UW,2.471871138
1112HU,0
1112I9,0
1112IM,0
1112IA,0
1112HV,1.88557E-06
1112HX,7.98039E-06
1112IJ,9.70598E-05
1112IB,0.000286261
1112HY,0.000313375
1112IU,0.000320594
1112IC,0.001139951
1112IF,0.001537154
1112I3,0.00164118
1112ID,0.001684735
1112IQ,0.001727027
1112I4,0.002433388
1112IV,0.002688248
1112HZ,0.002705392
1112IK,0.002813837
1112IT,0.002975132
1112I7,0.004390581
1112IN,0.004421476
1112IE,0.004617381
1112II,0.005010321
1112IG,0.00590986
1112I6,0.007119507
1112IL,0.007836864
1112IW,0.011316715
1112IP,0.015288332
1112IS,0.017034709
1112HW,0.02612767
1112I5,0.038406409
1112IO,0.04359518
1112I8,0.046571635
1112I2,0.066798717
1112IR,0.085230775
1112I1,0.276033223
1112IH,1.38291204
111UW,1.415442705
1112Z3,0
1112YR,5.97603E-06
1112ZQ,1.25845E-05
1112ZF,2.40358E-05
1112YX,2.8382E-05
1112Z1,6.21203E-05
1112YS,6.63602E-05
1112Z9,0.000115213
1112ZE,0.000134973
1112Z6,0.000352527
1112ZB,0.000441252
1112ZL,0.000561683
1112YU,0.001019391
1112Z4,0.001181932
1112ZI,0.001190239
1112ZM,0.00139279
1112YY,0.001525871
1112ZH,0.001581016
1112ZG,0.001596354
1112ZO,0.001603503
1112Z8,0.003193398
1112ZC,0.003610914
1112ZT,0.003925283
1112ZS,0.00418628
1112ZJ,0.004233412
1112ZA,0.006355297
1112ZD,0.007038487
1112Z7,0.011403168
1112ZK,0.01292346
1112Z2,0.01787838
1112YZ,0.022491803
1112ZP,0.045528449
1112ZR,0.047460701
1112ZN,0.053077068
1112YT,0.084386632
1112YW,0.123499654
1112YV,0.450623482
111WG,1.532485485
1112Z5,5.287685394
11131D,0
111318,6.47431E-07
111312,1.07045E-06
11131R,2.78022E-05
11131F,5.01541E-05
11131U,5.0648E-05
111313,8.1732E-05
1112ZV,0.0002218
111314,0.00040971
11131K,0.000629382
11131H,0.001359705
11131S,0.001746387
11131A,0.001923519
11131M,0.002034162
11131I,0.004087473
11131P,0.004136791
111317,0.004493867
11131T,0.006216458
1112ZW,0.006630608
11131G,0.00980574
11131L,0.013175918
1112ZY,0.017186122
11131W,0.022044227
11131N,0.027180266
1112ZX,0.071558878
111319,0.104453921
11131V,0.12135867
111315,0.122641332
11131B,0.124292508
1112ZZ,0.13457796
11131C,0.138371989
11131O,0.142039925
11131E,0.158319205
1112ZU,0.165308446
111311,0.174677908
111316,0.448960185
11131Q,0.582117379
111WG,1.259327769
11131J,1.411593437
11132O,0
11132J,0
111328,0
11132Y,0
111323,0
11132K,1.46001E-05
111324,1.58589E-05
11132U,7.83598E-05
11132G,0.000217611
111326,0.000344118
11132M,0.000545556
11132T,0.000654578
111329,0.001070245
11132B,0.001198906
11132I,0.002322588
11132S,0.002854102
11132A,0.003972804
111327,0.004396374
11132N,0.004487397
111321,0.005223808
11132P,0.005774836
11132F,0.006926485
11132R,0.007825783
11131Z,0.009306144
111325,0.010740315
11132X,0.010815389
11132Q,0.01271878
11131X,0.016669441
11132D,0.017857976
11132V,0.025388461
11132Z,0.029431392
11132L,0.052171707
11132E,0.058373954
11132W,0.059715796
11132C,0.062848836
11132H,0.503425658
111WG,1.571041346
11131Y,1.840980172
111322,52.3615799
11134W,0
111355,0
111348,0
11134N,5.77278E-05
11134Y,0.000117584
11134O,0.000136619
111344,0.000263691
111353,0.001608346
11134G,0.001873506
111347,0.001921247
11134L,0.003180725
111351,0.004163218
11134T,0.005417196
11134P,0.006220099
11134E,0.012098139
111352,0.013735325
11134H,0.015887931
111346,0.016094396
11134B,0.021112025
111354,0.027418219
11134F,0.02870908
11134M,0.030706644
11134S,0.032528602
11134C,0.035379197
11134A,0.048748497
11134I,0.086807802
111356,0.091405526
111345,0.098314017
11134Q,0.100835048
11134R,0.149359018
11134K,0.186807066
11134V,0.211160004
111349,0.22896418
11134D,0.261778355
11134Z,0.269201368
11134U,0.471238911
11134X,0.496613979
11134J,1.025549173
111WG,2.469609261
11136S,0
111376,0
11136F,1.03558E-05
11136G,3.11689E-05
11136A,3.12186E-05
111377,0.000298102
111372,0.000722177
11136H,0.002310139
11136C,0.004975953
11136B,0.006589962
111378,0.007277905
11136P,0.007589235
11136O,0.008200927
11136E,0.010136136
11136T,0.012112717
111374,0.015145615
11137A,0.017256169
11136J,0.024035186
111379,0.036398742
11137B,0.037063792
11136Z,0.040917616
11136X,0.048623256
111373,0.055154055
11136I,0.083787307
11136U,0.097135633
111371,0.108021624
11137C,0.147619873
11136R,0.182605386
11136D,0.261825353
11136W,0.328857511
11136M,0.372080356
11136Y,0.448599458
11136N,0.487278223
11136K,0.590206802
11136V,1.182698727
11136Q,1.21246767
111375,1.844759464
111WG,2.226985455
11136L,3.231829643
11137J,0
1118E7,0
1118DH,0.000883402
1118E5,0.004195306
1118DI,0.007307772
1118DP,0.008121341
1118E6,0.008928326
1118E4,0.013817513
1118DQ,0.014259632
11137E,0.014319962
1118DE,0.016553743
11137G,0.018307006
1118DN,0.02416243
1118DU,0.025487794
1118DJ,0.02960949
1118DT,0.034365296
11137H,0.042308427
1118E1,0.042978905
11137I,0.044773564
1118E3,0.048533745
1118DX,0.076754682
11137K,0.079911925
1118DW,0.089784294
11137D,0.099386111
1118DD,0.122111544
1118DG,0.129902288
11137F,0.146710604
1118DF,0.191919029
1118DM,0.210783303
1118DO,0.23992148
1118DL,0.587790787
1118DV,0.605826616
1118DR,0.714977741
1118E2,0.729776978
1118DS,0.758224368
1118DK,0.89653939
1118DZ,0.968167901
111WG,1.800049543
1118DY,2.172864914
1118F5,0
1118F9,0
1118EI,1.08674E-05
1118EG,0.000114593
1118EB,0.000287652
1118EV,0.000294449
1118EE,0.000631916
1118EY,0.000868937
1118EU,0.000983264
1118EA,0.001296401
1118ES,0.001586242
1118EX,0.001911774
1118F4,0.002783398
1118EN,0.002957873
1118FA,0.0030892
1118F8,0.003428421
1118EQ,0.007041081
1118ER,0.007052268
1118F6,0.007614438
1118EJ,0.008286757
1118F7,0.008477495
1118EW,0.008584686
1118EF,0.010775437
1118EP,0.011056859
1118E8,0.013408587
1118EC,0.018627267
1118F1,0.01938547
1118ET,0.021230008
1118EZ,0.039953753
1118EK,0.076218739
1118EL,0.0824541
1118E9,0.107013583
1118ED,0.128171608
1118F2,0.1342282
SYZZ4,0.164604008
1118EO,0.282284468
1118EH,0.300852209
1118F3,1.004819512
1118EM,2.357821226
1118FB,0
1118FG,0
1118G8,0.000201286
1118FU,0.000511963
1118G9,0.001435248
1118FY,0.001684288
1118FJ,0.001825934
1118GD,0.003189511
1118FH,0.003334343
1118GB,0.0047068
1118FC,0.004914007
1118FQ,0.005069232
1118FM,0.009472483
1118G5,0.012662569
1118G3,0.015531124
1118G6,0.016004834
1118GC,0.018555038
1118FT,0.021253925
1118FK,0.031262591
1118G2,0.034516774
1118FL,0.038337775
1118FP,0.046134014
1118FS,0.047782816
1118FV,0.049567953
1118FN,0.062898271
1118FE,0.06704367
1118FD,0.067143425
1118G1,0.071238607
1118FO,0.078023285
1118FF,0.081492953
1118G7,0.159199178
1118GA,0.162635684
SYZZ4,0.169654131
1118FR,0.186118454
1118FW,0.209201962
1118G4,0.237717986
1118FZ,0.241149068
1118FX,0.297377944
1118FI,0.414546967
1118HW,0.000185677
1118GE,0.001542395
1118GJ,0.001851293
1118HR,0.002056345
1118HM,0.005863124
1118H5,0.0121978
1118GH,0.01312181
1118H6,0.014189032
1118HK,0.015072819
1118H4,0.015206687
1118HQ,0.01704685
1118HL,0.01960035
1118GM,0.023821808
1118HV,0.025047831
1118GI,0.02784422
1118GG,0.064975649
1118HS,0.090016864
1118HJ,0.090941004
1118GK,0.11163412
1118HT,0.13393718
SYZZ4,0.136993587
1118GF,0.219390631
1118HU,0.362564772
1118GL,0.364468038
1118HP,0.387656271
1118HN,0.441183478
1118H7,0.924475193
1118HF,1.6176548
1118HC,5.179095268
1118HA,5.793011665
1118HH,7.12604332
1118HI,7.216495514
1118HB,8.761649132
1118H8,9.559908867
1118HD,14.60136986
1118HO,15.92628288
1118HG,23.36615372
1118H9,48.60085297
1118HE,197.7418213
1118IB,0
1118I7,0
1118IU,0.000501539
1118HZ,0.000970561
1118HY,0.001214617
1118HX,0.001275478
1118II,0.001871802
1118IX,0.001963311
1118IP,0.002989152
1118IF,0.00453523
1118I5,0.004618379
1118IN,0.004902659
1118IQ,0.007389662
1118IG,0.011103891
1118IV,0.011312459
1118I3,0.01162714
1118J7,0.011958187
1118IL,0.01739645
1118IK,0.021099057
1118IE,0.024172107
1118IR,0.025714878
1118I6,0.034267306
1118IH,0.035690956
1118IT,0.038262356
1118J6,0.03932827
1118I1,0.040796734
1118IO,0.041380629
1118IS,0.042505566
1118IW,0.058633812
1118ID,0.082708769
1118IJ,0.116496101
1118I2,0.129225194
SYZZ4,0.177556023
1118IA,0.211004943
1118IM,0.318824351
1118I9,0.379236341
1118I4,0.410449475
1118I8,0.609595418
1118IC,1.444579482
1118JM,0
1118JG,0
1118K9,0
1118JY,0.000247515
1118JP,0.000352795
1118JQ,0.000382238
1118JS,0.000563531
1118JH,0.000719511
1118JO,0.000793727
1118K5,0.000923079
1118K3,0.00260992
1118JJ,0.003033028
1118JB,0.004165362
1118KB,0.004451755
1118K4,0.004811696
1118KF,0.005140874
1118JE,0.006014599
1118JK,0.007002054
1118JA,0.00910342
1118JT,0.010311387
1118JL,0.010741994
1118JU,0.012296431
1118JZ,0.028847644
1118JD,0.033650819
1118JI,0.03889849
1118JX,0.047560241
1118JW,0.048200902
1118K7,0.05913797
1118JN,0.070302047
1118JV,0.071062855
1118KA,0.120358668
1118K8,0.15385285
SYZZ4,0.209344
1118K1,0.373905897
1118J9,0.797726572
1118JC,1.19946003
1118K6,1.823577166
1118JF,4.128414154
1118J8,8.125533104
1118GJ,9.8921E-05
1118FM,0.000388028
1118IG,0.001556362
1112XR,0.0017263
1118FK,0.004177143
1118I1,0.006707529
1118IB,0.007238425
1118FS,0.010172649
1118FV,0.010354092
1118I6,0.012403692
1118IE,0.012857368
1118FN,0.014177766
1112TZ,0.018662594
1118GI,0.019235998
1118IH,0.02390001
1118FO,0.025010064
1118ID,0.02838847
1118E3,0.030922189
1118FP,0.033931796
1118GK,0.042289756
1118E9,0.047609732
1118FW,0.053495124
1118FR,0.059722371
1118I2,0.06076964
1118FX,0.061604962
1118GA,0.064386673
1118IJ,0.068351403
1118IA,0.079538658
1118FZ,0.08037211
1118HT,0.083853051
1118GF,0.085743874
1118HU,0.140501484
1118FI,0.161541209
1118I9,0.164742693
1118HP,0.182099044
1112QK,0.232660443
1118I4,0.242022797
SYZZ4,0.274720579
1118I8,0.315578282
1118KU,0
1118L4,0
1118JA,6.34345E-05
1118JY,0.000106306
1118K2,0.000217659
1118KH,0.00043484
1118KR,0.003245926
1118KC,0.003776137
1118JT,0.004210895
1118IV,0.008444976
1118KJ,0.008591811
1118JF,0.013103736
1118J5,0.014261182
1118IO,0.01698944
1118IL,0.017088352
1118KD,0.021353967
1118IK,0.022115316
1118JD,0.024461191
1118JZ,0.024481673
1118JN,0.026803812
1118JX,0.033174742
1118J2,0.037360355
1118KM,0.041362345
1118JV,0.042087086
1118KO,0.044061601
1118K7,0.046632066
1118KV,0.048792209
1118KX,0.069791496
1118KE,0.073890045
1118KA,0.083429359
1118K8,0.093386337
1118KT,0.096543103
1118IM,0.174283504
1118J4,0.190771848
1118K1,0.231581479
1118KW,0.448661208
1118KG,0.526340723
SYZZ4,0.557175815
1118K6,1.22555697
1118LG,2.34305E-05
1118M6,5.04107E-05
111B7Y,0.000302306
111B83,0.000361211
111B7X,0.000673206
111B8J,0.001224718
111B6C,0.004073764
1118M8,0.005194126
1118MC,0.006551626
111B8D,0.007498517
111B6B,0.010322699
111L8,0.014531031
1118LM,0.014537318
1118LC,0.016398104
111AWQ,0.023170298
1119YJ,0.034026496
1118M7,0.034834176
1118LE,0.035621528
111B71,0.040448647
1118LN,0.047636289
111B8A,0.054942653
1118L6,0.066431142
1118M5,0.069145173
111B73,0.080167338
111B8S,0.087007843
1118LO,0.10662619
1118M1,0.155541301
111B86,0.17337878
111B8E,0.184810489
1118M3,0.228518039
111B84,0.273895085
SYZZ4,0.2794258
1118LY,0.294156432
1118LV,0.299827337
1118M9,0.620182931
111B85,0.782730818
111B8Q,0.79983592
111B81,0.978916883
1118MD,1.053055763
111BA1,0.000187114
111B9Z,0.000209411
111BAB,0.000274093
111BG5,0.003154236
111BGU,0.012301751
111BAA,0.016599093
111BA4,0.018012028
111BGL,0.024341261
111BGX,0.024414742
111BGN,0.037748475
111BGA,0.042799629
111BGY,0.048734926
111BGB,0.049478482
111BA2,0.053749852
111BGE,0.057533443
111BGI,0.073330961
111BG6,0.074550465
111BH2,0.09244132
111BGV,0.099776387
111BG7,0.102680728
1118M5,0.108856663
1118LN,0.111746088
111BGJ,0.114081495
111BGG,0.117898598
111BG9,0.123616859
111BGP,0.143661156
111BGW,0.184770554
111BG8,0.225328058
1118LO,0.256317168
1118M1,0.272261113
SYZZ4,0.296050072
111B9X,0.329004288
1118M3,0.355291665
111BH1,0.420401484
111BG4,0.609407544
1118LV,0.662876248
1118LY,0.736340821
111BA8,0.939812064
111BGO,8.616672516
1112I9,0
1112IM,2.68528E-07
1112HU,8.41904E-07
1112IA,6.92078E-05
1112HY,9.85043E-05
1112HX,0.000143526
1112IC,0.000348566
1112IF,0.000395607
1112I4,0.000407446
1112HV,0.00055185
1112IB,0.000552265
1112I3,0.000725759
1112IU,0.000973838
1112IJ,0.001496816
1112IV,0.001682119
1112HZ,0.001717538
1112IQ,0.001832551
1112IT,0.002231779
1112ID,0.002381642
1112IL,0.00260933
1112IE,0.002823227
1112I6,0.003312636
1112IK,0.004687904
1112II,0.004716516
1112I7,0.005177654
1112IG,0.008977838
1112IN,0.010854447
1112IW,0.011213884
1112HW,0.011353189
1112IS,0.014278114
1112IP,0.018825572
1112I5,0.030277845
1112IO,0.045995981
1112I8,0.049476314
1112I2,0.068980314
1112IR,0.082548998
1112I1,0.245469332
1112IH,1.296285391
111UW,1.343840837
1112LA,0
1112LC,0
1112LF,0
1112M1,1.58618E-05
1112LG,4.046E-05
1112LM,0.000636179
1112L7,0.000649123
1112LH,0.000655022
1112LV,0.00069036
1112LE,0.000713659
1112LR,0.001387052
1112L5,0.003133319
1112LN,0.004560921
1112LL,0.005557778
1112LI,0.005915511
1112L9,0.006456747
1112LQ,0.006699284
1112LK,0.009250901
1112LZ,0.010639271
1112L4,0.011961137
1112LB,0.015650034
1112LO,0.021707662
1112LJ,0.02603956
1112L8,0.031776357
1112LD,0.034557863
1112LP,0.038280154
1112LT,0.071963662
1112M2,0.110013261
1112M4,0.142963455
1112M5,0.216122377
1112LY,0.220003973
1112LS,0.4566312
1112L6,0.571907858
1112LW,0.658106164
1112M3,0.68051556
1112LX,1.439545962
111WG,1.513495096
1112M6,1.522723816
1112LU,2.247021769
1112W9,0
1112VP,0
1112W4,0
1112WG,0
1112VJ,0
1112WH,0
1112VK,0
1112WI,0
1112WD,0
1112W1,0
1112VR,0.000323807
1112VU,0.000750076
1112W5,0.002316378
1112WJ,0.008783743
1112WE,0.01069428
1112VT,0.012850659
1112VO,0.014854074
1112W7,0.016339701
1112W6,0.022439903
1112VI,0.027280657
1112VY,0.031506404
1112VM,0.034401044
1112WA,0.043240946
1112VX,0.073750347
1112WK,0.090228423
1112W2,0.109076656
1112W3,0.116462678
1112VZ,0.165858895
1112VV,0.206012219
1112VL,0.224996984
SYZZ4,0.230362028
1112VN,0.231041819
1112W8,0.417258769
1112VW,0.462864697
1112WF,0.665014982
1112VS,0.769251108
1112WB,0.781967461
1112VQ,1.238706827
1112WC,6.12686491
1118IG,0.007147013
1118IK,0.007470386
111BII,0.021937167
111BHK,0.025870837
111BIB,0.03151288
111BIE,0.032048102
1118KH,0.035053365
111BGR,0.041105926
1118HP,0.04191329
1118I6,0.123774171
111BI1,0.130194213
TYZY1,0.13178277
SYZZ4,0.182379842
111BID,0.196630456
111BI5,0.226255231
1118E3,0.255185425
111BI7,0.263341993
111BH6,0.344385967
111BHV,0.486015141
111BHA,0.516192421
1118GH,0.629562676
111BHL,0.678482175
1118HU,0.712301016
111BGS,1.047559142
111BH8,1.198886156
1118IL,1.60336411
111BT1,1.724927902
111BIF,1.762846708
111BH7,1.939565718
111BHU,2.263329268
1118IH,2.304832458
111BHB,2.435339034
1118IC,2.520142078
111BIH,3.692241192
111B7N,5.167933464
1118KG,7.310244083
1112FG,0
1112FH,0
1112F5,0
1112F6,0.00299025
1112FB,0.010421259
1112FM,0.013308092
1112EO,0.015207313
1112FF,0.018905151
1112EN,0.020739247
1112ET,0.026107025
1112F2,0.03664333
1112EM,0.037260111
1112EZ,0.03822178
1112FI,0.040280733
1112ER,0.044997413
1112FL,0.04556405
1112EX,0.046761014
1112EU,0.057668669
1112FK,0.059587334
1112F7,0.060244481
1112FN,0.067143849
1112EV,0.067892535
1112EP,0.076183234
1112F8,0.078153263
1112FE,0.118498322
1112EY,0.121534933
1112FA,0.154780715
1112F4,0.184912794
1112FC,0.196620806
1112FD,0.21728259
SYZZ4,0.250558648
1112F3,0.330347088
1112EQ,0.369811069
1112EW,0.406209511
1112F9,1.221176765
1112F1,1.780125509
1112FJ,2.692607123
1112EL,5.033248204
1112ES,9.48970253
111357,0
11135E,0
11135S,0
11135T,0
111366,0
11135Q,0.000102525
11135O,0.000191722
11135Z,0.000220809
11135R,0.000927882
111363,0.001950881
11135N,0.002763608
11135G,0.002959366
11135D,0.002977346
111364,0.003242905
11135X,0.009346322
11135J,0.00964278
111359,0.014311373
111365,0.015300323
11135A,0.018082038
11135C,0.018347835
11135Y,0.020758194
11135M,0.022189886
11135K,0.0226113
11135F,0.026539909
11135B,0.03765943
11135H,0.045019929
111361,0.046066997
11135W,0.047227045
11135P,0.047494354
111369,0.050102374
11135V,0.062467533
11135L,0.126237395
11135I,0.165205698
111362,0.242739286
SYZZ4,0.242767285
111358,0.34343105
111367,0.454390239
111368,0.613046478
11135U,6.778190317
1118KJ,0
1118KL,0.000298417
1118KI,0.001132869
1112UJ,0.002242696
1112X2,0.003367803
1112J5,0.00376498
1118KK,0.004642958
111BGF,0.004743063
111354,0.007383234
1118J6,0.007904573
1118KN,0.010427942
1118JF,0.011204053
11134A,0.014484398
1112JM,0.015042925
1112JN,0.021967698
1112JI,0.028277947
1112X5,0.029312337
1118KM,0.030958434
111BGE,0.042494815
111BGI,0.048366225
1112Z5,0.054147074
11134I,0.055805905
1118DX,0.087999652
1118LO,0.09532472
1118KA,0.09904932
1112JL,0.102090072
1118EK,0.115929203
1112JJ,0.118421383
1118J8,0.126204634
1112XO,0.128427557
SYZZ4,0.137180401
1112VH,0.169305583
1112JK,0.221047166
1112X3,0.467011633
1112J4,0.483381263
1112X1,0.499300369
1112VC,0.553887361
1112WZ,1.655855746
1112TL,6.422709381
11112EO,0
1112JM,0.000635837
1112F8,0.001369423
1112FM,0.004310842
1112EZ,0.006899847
111354,0.0100759
1118KJ,0.010100623
1112UJ,0.014102907
1112J5,0.01425886
1112ET,0.014618689
1112SZ,0.01784122
111BGF,0.019613858
111322,0.030549934
11131Y,0.031918907
11131C,0.035247761
1112WK,0.035740782
1112X2,0.046914166
1112FB,0.05115827
1112W2,0.07438878
1112T4,0.089808368
1112FA,0.112267415
1112ZZ,0.119403028
11132H,0.134605147
SYZZ4,0.14235204
1112M9,0.188372744
1112M8,0.20559367
11131J,0.220728856
11133L,0
11133Z,2.00024E-05
111343,2.8651E-05
11133M,2.94218E-05
11133C,0.000102691
11133I,0.000393364
11133H,0.000431343
111342,0.000504462
111333,0.000674891
111337,0.000849221
111332,0.000899881
11133U,0.001101293
11133X,0.001440347
11133T,0.001456744
111335,0.002023041
11133E,0.005284756
11133A,0.00584171
11133D,0.005914188
11133Q,0.005955244
11133B,0.006110984
11133O,0.006857061
11133G,0.007265847
111331,0.007352245
11133S,0.008883793
11133V,0.009234998
111341,0.011091576
11133Y,0.015966248
111334,0.017387731
11133P,0.019330934
111336,0.027190236
11133F,0.031312339
11133W,0.068315133
111338,0.102870747
111339,0.156945497
11133J,0.163726315
11133N,0.192043215
11133K,0.216653198
111WG,0.517229915
11133R,0.765502572
